台帳番号,緯度,経度,エリア,行政区,所在地
A1-1,35.1245714885662,137.014247093752,北西地区,赤池区,ｻﾝｼｬｲﾝ近藤、ｳｨﾙﾓｱ赤池（赤池町村東192-1、193-2）
A1-11,35.1104509374989,137.023126095317,南西地区,赤池区,ﾌｫﾚｽﾄ赤池（赤池町箕ノ手2-73）
A1-13,35.1244230149629,137.016264360268,北西地区,赤池区,ｽｷﾙｽﾞ赤池（赤池町村東62-1）
A1-15,35.119392161217,137.023317991645,南西地区,赤池区,ｹｲｽﾞ赤池（赤池町箕ノ手2-713）
A1-16,35.12393443081,137.010493781125,北西地区,赤池区,ﾃﾞｰｼﾞｰ大和（赤池町西組104）
A1-17,35.122622889976,137.00922772536,北西地区,赤池区,ﾙｲｰｽﾞ平針（赤池町西組116）
A1-2,35.1218526458765,137.010449698566,北西地区,赤池区,ﾌﾞﾘｰｽﾞⅡ（赤池町西組133-3）
A1-23,35.1127993319253,137.024743524116,南西地区,赤池区,ﾊｯﾋﾟｰﾋﾙｽﾞ（赤池町箕ノ手2-92）
A1-27,35.1113324264814,137.022935970387,南西地区,赤池区,㈱ｴﾙﾋﾞｰ日進ｱﾊﾟｰﾄ（赤池町箕ノ手2-779）
A1-28,35.1111638752216,137.025795336265,南西地区,赤池区,ｸﾚｽﾄｰﾙ（赤池町箕ノ手2-444）
A1-29,35.1117581148425,137.02564007058,南西地区,赤池区,ﾊｯﾋﾟｰﾋﾙｽﾞｳﾞｨﾚｯｼﾞ（赤池町箕ノ手2-59、2-359）
A1-33,35.1309818160235,137.005604949978,北西地区,赤池区,ｺﾓﾝﾃﾗｽ日進梅森（赤池町北山15-4、15-21、15-22、15-23、15-24、15-25）
A1-35,35.1156475398001,137.024947799654,南西地区,赤池区,ｻｰﾄﾞｳﾞｨﾗ赤池（赤池町箕ノ手2-643）
A1-36,35.1227754254822,137.014027492235,北西地区,赤池区,ﾜﾝﾀﾞｰｽｸｴｱ赤池Ⅲ（赤池町村東137-7）
A1-37,35.1119832667921,137.02545790359,南西地区,赤池区,小池組寮（赤池町箕ノ手2-354）
A1-38,35.121966354312,137.01124833159,北西地区,赤池区,ｸﾞﾗﾝｳﾞｪｰﾙ（赤池町西組159-1）
A1-39,35.1245059259596,137.01358198051,北西地区,赤池区,ｴｽﾄｳﾞｨﾗｰｼﾞｭ（赤池町村東200-3）
A1-4,35.1184837847045,137.019795180542,南西地区,赤池区,ﾊｳｽKⅢ（赤池町中島109-57）
A1-40,35.1104172811891,137.023709328183,南西地区,赤池区,ウィンズガーデン（赤池町箕ノ手2-470）
A1-41,35.124433056731,137.016438468091,北西地区,赤池区,ﾄﾞﾙｸｽ（赤池町村東61-1）
A1-42,35.1246802919984,137.013958983855,北西地区,赤池区,日進市赤池町下郷96
A1-43,35.1228227523377,137.009513266507,北西地区,赤池区,カーサ・ニコ（日進市赤池町西組115-1）
A1-44,35.1231634723146,137.014290861232,北西地区,赤池区,セソシール（日進市赤池町村東157-1）
A1-45,35.1113099091852,137.020016488771,南西地区,赤池区,KAZENSA（赤池町モチロ61-60）
A1-46,35.1193218827658,137.023423878629,南西地区,赤池区,奇窓館（日進市赤池町箕ノ手２－１５６）
A1-5,35.1182844901067,137.020405757292,南西地区,赤池区,ﾘｳﾞｪｰﾙ近藤（赤池町箕ノ手2-1596）
A1-50,35.1152411400089,137.021349200277,南西地区,赤池区,ウィステリアＫ　Ⅰ、Ⅱ（日進市赤池町モチロ６１－１４２）
A1-51,35.1143773095751,137.027525040368,南西地区,赤池区,サンブライトⅡ（日進市赤池町箕ノ手２番３０６）
A1-6,35.1177691012995,137.020458133093,南西地区,赤池区,ｺｰﾎﾟﾗｽ赤池（赤池町箕ノ手2-588）
A1-8,35.1168467174926,137.026707889132,南西地区,赤池区,箕ノ手ﾊｲﾂ、ﾊｲﾂ早川（赤池町箕ノ手2-1579、1580、1581、1582）
A1-9,35.1144514673298,137.029713350379,南西地区,赤池区,西濃運輸㈱寮（浅田町美濃輪1-12）
A11-1,35.139734997619,137.045368804387,北東地区,本郷区,ｻﾝｼﾃｨ･ﾏﾐｰﾅ（本郷町宮下522-7）
A11-2,35.1344509894237,137.040546924199,北西地区,本郷区,ﾌﾟﾘﾝｾｽｶﾞｰﾃﾞﾝ（本郷町西原1234-1）
A11-3,35.1359772446769,137.040033640046,北西地区,本郷区,むつみ苑（本郷町西原北通875）
A11-4,35.1407551298858,137.045778824891,北東地区,本郷区,ｴﾙｳﾞｨｰﾀ（本郷町法念寺640-1　640-2　636-8）
A11-5,35.1359051240434,137.041417301092,北西地区,本郷区,ルクール（日進市本郷町西原北通860-6）
A12-1,35.162990938699,137.041609057229,北東地区,岩崎区,ｶｰﾑﾊｳｽ日進（竹の山1-804）
A12-10,35.1487911830213,137.027917462132,北東地区,岩崎区,ｸﾞﾛｰﾘｱｽ日進岩崎台（岩崎町芦廻間94-5）
A12-100,35.1414225264233,137.037274054173,北西地区,岩崎区,好陽園（岩崎町南口38）
A12-101,35.1442040010768,137.039703620443,北西地区,岩崎区,ﾋﾞﾗ元屋敷（岩崎町神明115）
A12-102,35.1440886506189,137.03990957485,北西地区,岩崎区,ﾊｰﾑ日進（岩崎町大廻間25-1）
A12-104,35.1628022941246,137.041636788973,北東地区,岩崎区,ﾌｧﾐｰﾙ竹の山（竹の山1-805）
A12-105,35.1621601225617,137.041744030115,北東地区,岩崎区,ﾊｲﾂ･ｶﾝﾊﾟｰﾆｭ（竹の山1-912）
A12-106,35.1627736852356,137.041256033999,北東地区,岩崎区,ﾀｳﾆｰｴｺｰ（竹の山1-806）
A12-107,35.1420696432301,137.03665143952,北西地区,岩崎区,ﾃﾞﾙｿﾙ岩崎（岩崎町西ノ平101-1）
A12-108,35.1572470030455,137.037407502205,北東地区,岩崎区,ｻﾞｸｾﾝ（岩崎町竹ノ山37-935）
A12-109,35.1542091136131,137.031214576712,北東地区,岩崎区,ﾚｰｼﾞｭ竹の山（岩崎町芦廻間112-368）
A12-110,35.1554081031066,137.032810943726,北東地区,岩崎区,ｱﾐﾃｨｴⅡ（岩崎町竹ノ山37-375）
A12-111,35.1545544476473,137.036550796772,北東地区,岩崎区,ｱﾝｼﾞｪﾊﾟｯｾ（岩崎町竹ノ山37-881）
A12-112,35.1466287892448,137.041760854153,北東地区,岩崎区,ﾍﾞﾙｽﾃｰｼﾞ六坊（岩崎町六坊78-1）
A12-113,35.1563361306649,137.033944704943,北東地区,岩崎区,ｴｱﾘｰ（岩崎町竹ノ山3-1）
A12-114,35.1504543033258,137.035225003757,北東地区,岩崎区,ﾊﾞﾝｸｰﾊﾞｰ1102（）
A12-115,35.1545634213171,137.0370172662,北東地区,岩崎区,ﾌﾟﾗｲﾑ日進（岩崎町竹ノ山37-14）
A12-116,35.1541796022362,137.032480272232,北東地区,岩崎区,ｴｽﾀｰﾌﾞﾚ竹の山（岩崎町野田18-76）
A12-117,35.1479159960167,137.03893123804,北西地区,岩崎区,ﾋﾟｭｰﾙ･ﾚﾌｨﾅｰﾄﾞ（岩崎町根裏2-1）
A12-118,35.160050436747,137.037931272256,北東地区,岩崎区,ﾘｼｬｰﾙ（岩崎町竹ノ山37-98））
A12-119,35.1565507387957,137.039638010907,北東地区,岩崎区,ｶﾚｯｼﾞﾋﾙｽﾞ竹ノ山（岩崎町竹ノ山149-1047）
A12-12,35.1470686316529,137.029209957715,北西地区,岩崎区,ｸﾞﾛｰﾘｱｽ香久山（岩崎町石兼56-120）
A12-120,35.1520260787278,137.037748324666,北東地区,岩崎区,ﾌｪﾘｰﾁｪ竹の山Ⅱ（岩崎町竹ノ山37-807）
A12-121,35.1413435195564,137.034646380107,北西地区,岩崎区,ｺｰﾎﾟ静（岩崎町南口80）
A12-122,35.1553205775024,137.032571037844,北東地区,岩崎区,ｼﾞｬｽﾐﾝﾌﾟﾗｻﾞⅡ（岩崎町竹ノ山37-373）
A12-123,35.1547172784955,137.032201584132,北東地区,岩崎区,"""ｱｯﾌﾟﾋﾙｽﾞ竹の山（日進市竹の山南部特定土地区画整理組合57街区4,5-1）"""
A12-124,35.1493195581451,137.035641807711,北西地区,岩崎区,ｱｳﾞﾆｰﾙ弁天（岩崎町根裏90-6）
A12-125,35.1481515177726,137.030223235416,北西地区,岩崎区,ﾚｵﾊﾟﾚｽｵｰﾛﾌｫﾚｽﾀ（岩崎町石兼48-37）
A12-126,35.1482590302641,137.030596872632,北西地区,岩崎区,ｶｰｻﾌｸﾄｸ（岩崎町石兼56-241）
A12-127,35.1542356842114,137.032246939243,北東地区,岩崎区,ﾄﾞﾐｰﾙ竹の山（岩崎町野田18-76）
A12-128,35.1600523341799,137.035664774504,北東地区,岩崎区,三ヒルズ竹の山（岩崎町竹ノ山37-961）
A12-129,35.1488052145499,137.036584533606,北西地区,岩崎区,竹ノ山5丁目3101
A12-13,35.1463988083137,137.029727237762,北西地区,岩崎区,ｸﾞﾛｰﾘｱｽ香久山第2（岩崎町石兼24-1）
A12-130,35.157155672081,137.033564577116,北東地区,岩崎区,ベルクオーレ（岩崎町竹ノ山3-173）
A12-131,35.1472629250977,137.042077175601,北東地区,岩崎区,パームヒルズ（竹の山5-1204）
A12-132,35.1517314764398,137.037910022482,北東地区,岩崎区,竹ノ山3丁目1819
A12-133,35.1599437811724,137.036988202995,北東地区,岩崎区,casa竹の山中央（竹ノ山一丁目２００１番地））
A12-134,35.1580096971325,137.034793767051,北東地区,岩崎区,リッシュヴェール（竹の山2-2301）
A12-135,35.1532251259233,137.036762113933,北東地区,岩崎区,ｼｬﾝﾌﾞﾘｰﾙ　ｼﾞｭﾄﾗ（竹の山3-1422）
A12-136,35.1543440722857,137.03350209265,北東地区,岩崎区,ﾍﾞﾙ･ｽﾃｰｼﾞ竹の山Ⅲ（竹の山4-1110）
A12-137,35.1540450595718,137.033090979212,北東地区,岩崎区,エクセレント（竹の山4-611-1）
A12-138,35.1463159747276,137.042892194118,北東地区,岩崎区,岩崎町市場113-1
A12-139,35.1355845093536,137.026856015304,北西地区,岩崎区,岩崎町南高上159-1
A12-14,35.1461034916334,137.030125464645,北西地区,岩崎区,ｸﾞﾛｰﾘｱｽﾋﾙｽﾞ梅森坂（岩崎町石兼31-2）
A12-140,35.1476892184369,137.038530340383,北西地区,岩崎区,竹ノ山5丁目2311
A12-141,35.157364796184,137.037975567412,北東地区,岩崎区,竹ノ山2丁目323
A12-142,35.1372014643002,137.031078256522,北西地区,岩崎区,ﾗﾌﾚｼｰﾙ（岩崎町北高上21-1）
A12-143,35.1466334933679,137.03413880342,北西地区,岩崎区,日進市岩崎町岩根207
A12-144,35.1539108244055,137.033656133288,北東地区,岩崎区,日進市竹の山四丁目710
A12-145,35.1476125167431,137.028531546994,北西地区,岩崎区,日進市芦廻間９７－１
A12-146,35.15001727442,137.035802687342,北東地区,岩崎区,日進市竹の山3丁目502
A12-147,35.1625258556281,137.04219682752,北東地区,岩崎区,日進市竹の山1丁目906
A12-148,35.1473337545562,137.028739447724,北西地区,岩崎区,日進市岩崎町石兼６８番地１
A12-149,35.1572556632638,137.037921405855,北東地区,岩崎区,日進市竹の山二丁目２０７番地１
A12-15,35.1496637988901,137.033634947473,北東地区,岩崎区,ﾛｲﾔﾙ石神（岩崎町岩根108-1）
A12-150,35.1463057366164,137.045697414418,北東地区,岩崎区,日進市岩崎町小林９６番地１０
A12-151,35.1589431324633,137.036614278989,北東地区,岩崎区,ｼﾞｭﾅｽ（竹の山二丁目1101番地）
A12-152,35.1587040249103,137.036406213089,北東地区,岩崎区,ﾌﾟﾗﾝﾄﾞｰﾙ（竹の山二丁目1104、1105番地）
A12-153,35.1584192396606,137.036138728137,北東地区,岩崎区,ﾃﾞｨｱｺｰﾄ（竹の山二丁目1201番地）
A12-154,35.1576870464056,137.037873856518,北東地区,岩崎区,日進市竹ノ山二丁目307番地
A12-155,35.1604097746519,137.039744744132,北東地区,岩崎区,日進市竹の山一丁目1701
A12-156,35.136250898512,137.029888974409,北西地区,岩崎区,日進市岩崎町南高上200-1
A12-157,35.1473676491532,137.027713765587,北西地区,岩崎区,GNO.1　是幸超（日進市岩崎町芦廻間90-2、91-4、石兼71）
A12-159,35.148744264688,137.03657354554,北西地区,岩崎区,シャーメゾンとき（日進市岩崎町根裏34-9）
A12-16,35.1463865652024,137.035195546427,北西地区,岩崎区,ｱｰｸｶﾞｰﾃﾞﾝ岩崎（岩崎町根裏82-3）
A12-160,35.1449564312805,137.048886821824,北東地区,岩崎区,リーブルMAKI（日進市岩崎町梅ノ木36-1）
A12-161,35.1616774430761,137.040743881282,北東地区,岩崎区,パークレジデンス（日進市竹の山一丁目507）
A12-162,35.1470148795907,137.030946633861,北西地区,岩崎区,ルミエールハイツ石兼（日進市岩崎町石兼56-80）
A12-17,35.143925930198,137.035247462657,北西地区,岩崎区,ｺﾞﾙﾌﾗﾝﾄﾞ（岩崎町西ノ平45-1）
A12-18,35.1492448903021,137.028081322583,北東地区,岩崎区,ﾀﾞｲｱﾊﾟﾚｽ日進東山（岩崎町芦廻間103-1）
A12-19,35.1519714823379,137.03931245367,北東地区,岩崎区,ﾌﾟﾛｸｼｨﾌﾚﾝｽﾞ日進（岩崎町竹ノ山149）
A12-20,35.1499508739252,137.039907179713,北東地区,岩崎区,ｱｳﾞﾆｰﾙ菊水（岩崎町六坊9-24）
A12-21,35.1435426353616,137.032453175551,北西地区,岩崎区,ﾌﾟﾗｲﾏﾙ香久山（岩崎町新ラ田87-78）
A12-22,35.1434450334601,137.037283583945,北西地区,岩崎区,大和荘（岩崎町ｹｶﾁ12-22）
A12-23,35.1423083951692,137.038643469833,北西地区,岩崎区,竹友荘（岩崎町大廻間154）
A12-24,35.1436400712224,137.04189075049,北東地区,岩崎区,ｼﾌｫﾝﾄﾞ･ﾋﾛ（岩崎町大塚31-1）
A12-25,35.1479587697513,137.029170706257,北東地区,岩崎区,ﾍﾞｽﾄｲﾚﾌﾞﾝｲｼｶﾞﾈ（岩崎町石兼52-1）
A12-27,35.1606970826007,137.040710375842,北東地区,岩崎区,ｴｽﾎﾟﾜｰﾙﾊﾟﾝｼｵﾝ･希望の館（竹の山1-203）
A12-28,35.1625178185592,137.0416577516,北東地区,岩崎区,ﾚｵﾝ竹の山（竹の山1-705）
A12-29,35.1487002996475,137.04008746765,北東地区,岩崎区,ｱｳﾞﾆｰﾙ御岳（岩崎町六坊9-27）
A12-3,35.1623308480203,137.040690732855,北東地区,岩崎区,ﾌﾟﾗｻﾞｺﾚｰｼﾞｭ（竹の山1-602）
A12-31,35.1563504159194,137.039274786321,北東地区,岩崎区,名古屋外国語大学ｲﾝﾀｰﾅｼｮﾅﾙﾊｳｽ（岩崎町竹ノ山37-39）
A12-32,35.1508144990714,137.034871120486,北東地区,岩崎区,ﾒｿﾞﾝﾌﾟﾚﾐｰﾙ（岩崎町野田18-95）
A12-33,35.1533591308226,137.029367420198,北東地区,岩崎区,ｻﾝｽﾃｰｼﾞ（岩崎町芦廻間32-1）
A12-34,35.1543166918822,137.031650037974,北東地区,岩崎区,ﾚｼﾞﾃﾞﾝｽ青山ﾐﾚﾆｱﾑ（岩崎町野田18-243）
A12-35,35.1468612128133,137.03782857633,北西地区,岩崎区,ﾃﾞｨｱｽ竹の山A棟（）
A12-36,35.1470106195068,137.03786269284,北西地区,岩崎区,ﾃﾞｨｱｽ竹の山B棟（）
A12-37,35.1569665535555,137.038587800163,北東地区,岩崎区,ｱﾌﾟﾘｴｰﾙｶﾞｰﾃﾞﾝ（岩崎町竹ノ山37-924）
A12-38,35.1539090242044,137.02985350145,北東地区,岩崎区,ﾊｯﾋﾟｰ･ﾋﾞﾚｯｼﾞ（岩崎町芦廻間112-3）
A12-39,35.1577794879518,137.034895890897,北東地区,岩崎区,ｻﾝｱﾛｰ（岩崎町竹ノ山37-167）
A12-4,35.1621934094359,137.041243203324,北東地区,岩崎区,ﾃﾞﾌｨ1（竹の山1-707-2）
A12-40,35.1572972498464,137.034433681682,北東地区,岩崎区,ｼｬﾝｸﾞﾘﾗ竹の山（岩崎町竹ノ山37-350）
A12-41,35.1629572723704,137.041742811249,北東地区,岩崎区,ﾎﾞﾇｰﾙT･M日進（竹の山1-921）
A12-42,35.1466999994734,137.04254611866,北東地区,岩崎区,ﾉｰｽ（岩崎町六坊72-8）
A12-43,35.1536601157097,137.028962120972,北東地区,岩崎区,ｶﾞｰﾃﾞﾝｿﾚｼﾞｵ（岩崎町芦廻間33）
A12-44,35.1530833519588,137.029583888952,北東地区,岩崎区,ｱｰﾃﾞﾙｺｰﾄ岩崎台（岩崎町芦廻間34）
A12-45,35.1569482787513,137.037253646427,北東地区,岩崎区,RIMP竹ノ山（岩崎町竹ノ山37-931）
A12-46,35.1481162816408,137.041943843066,北東地区,岩崎区,ｵﾙﾃﾝｼｱ（岩崎町六坊42-1）
A12-47,35.1474874455342,137.038588934639,北西地区,岩崎区,ｳﾞｨﾗ幸村（岩崎町根裏48-1）
A12-48,35.1546570362794,137.0500094186,北東地区,岩崎区,愛知学院大学合宿所（岩崎町四ツ池48-21）
A12-49,35.1490678111835,137.034753866477,北西地区,岩崎区,ﾗ･ﾌｫｰﾚ岩崎（岩崎町岩根98）
A12-5,35.1620692614069,137.041051294721,北東地区,岩崎区,ﾊｲﾂ竹の山（竹の山1-605）
A12-50,35.1478107760118,137.040719917965,北東地区,岩崎区,竹の山ｼｰﾙﾄﾞﾊｲﾂ（岩崎町六坊101）
A12-51,35.1570340635906,137.033315939779,北東地区,岩崎区,ﾍﾞﾙｴｱ･ｴｸｾﾗﾝ（岩崎町竹ノ山37-33）
A12-52,35.1582858537502,137.03683650333,北東地区,岩崎区,ﾌﾞﾗﾝﾈｰｼﾞｭ（岩崎町竹ノ山30）
A12-53,35.1587349032942,137.037885376918,北東地区,岩崎区,ﾒｲﾌﾟﾙﾋﾙｽﾞA棟B棟（岩崎町竹ノ山37-870）
A12-54,35.1586362228313,137.037827136744,北東地区,岩崎区,ﾒｲﾌﾟﾙﾋﾙｽﾞC棟D棟（岩崎町竹ノ山37-88）
A12-55,35.1580647232102,137.038184775966,北東地区,岩崎区,ｾﾝﾀｰｺｰﾄ竹の山（岩崎町竹ノ山37-87）
A12-56,35.1531521100804,137.037016102506,北東地区,岩崎区,ｴﾙﾐﾀｰｼﾞｭ（岩崎町竹ノ山37-6）
A12-57,35.1541784171673,137.028933807582,北東地区,岩崎区,ｸｵｰﾚﾒｲﾄｳ（岩崎町芦廻間30-2）
A12-58,35.1476675141227,137.038379465932,北西地区,岩崎区,ﾗ･ﾌｫﾙﾄｩｰﾅ（岩崎町根裏43）
A12-59,35.1545020957801,137.031224408637,北東地区,岩崎区,ｻﾝｸﾞﾘｰﾝ（岩崎町芦廻間112-368）
A12-6,35.1619699083822,137.040344852649,北東地区,岩崎区,第2ﾛｰﾀｽﾋﾞﾙ（竹の山1-502）
A12-60,35.1552567771668,137.033490287841,北東地区,岩崎区,岩崎御苑（岩崎町竹ノ山37-595）
A12-61,35.1568835886224,137.034777253751,北東地区,岩崎区,ﾍﾞﾙ･ｽﾃｰｼﾞ竹の山（岩崎町竹ノ山37-345）
A12-62,35.1564511882365,137.033481536035,北東地区,岩崎区,ｴﾄﾜｰﾙ竹の山（岩崎町竹ノ山3-2）
A12-63,35.1488814634807,137.036907964829,北西地区,岩崎区,ﾍﾞﾙﾒｿﾞﾝF（岩崎町根裏25-4）
A12-64,35.1622918998583,137.041119559457,北東地区,岩崎区,ﾋﾙｽﾞ･ﾊｰﾓﾆｰ（竹の山1-708）
A12-65,35.1567914572864,137.035521711208,北東地区,岩崎区,ﾋﾞｭｰﾃﾗｽ1号館（岩崎町竹ノ山37-944）
A12-66,35.1546139579153,137.030493654479,北東地区,岩崎区,ﾌﾟﾘｽﾞﾑｺｰﾄ（岩崎町芦廻間112-374）
A12-67,35.153298885014,137.037286755318,北東地区,岩崎区,ｱﾐﾃｨｴⅠ（岩崎町竹ノ山37-13）
A12-68,35.1579363621975,137.039299755267,北東地区,岩崎区,ｾﾚｯｿⅢ（岩崎町竹ノ山68-2）
A12-69,35.1572501629959,137.037750511219,北東地区,岩崎区,ﾚｵﾊﾟﾚｽLOTUS（岩崎町竹ノ山37-922）
A12-70,35.158883510504,137.03725398431,北東地区,岩崎区,竹ノ山のやすらぎ（岩崎町竹ノ山37-672）
A12-71,35.157520779883,137.035318244134,北東地区,岩崎区,ｾﾚｽﾃｨ（岩崎町竹ノ山37-511）
A12-72,35.1614711281914,137.040163844429,北東地区,岩崎区,ﾎﾞﾇｰﾙﾚｼﾞﾃﾞﾝｽ（竹の山1-301）
A12-73,35.1544291510967,137.033978644694,北東地区,岩崎区,ﾊﾞﾝｸｰﾊﾞｰ1100（岩崎町竹ノ山37-388）
A12-74,35.1483674807046,137.042348117489,北東地区,岩崎区,ｴﾙﾎﾞﾇｰﾙ（岩崎町六坊39）
A12-75,35.1575930335437,137.034450326377,北東地区,岩崎区,ｴｽﾃｰﾄ竹の山（岩崎町竹ノ山37-168）
A12-76,35.1556147766037,137.033685191062,北東地区,岩崎区,ｳﾞﾘｭｰﾘｵﾝ（岩崎町竹ノ山37-196）
A12-77,35.1534095129927,137.037982783591,北東地区,岩崎区,ｷｬﾒﾛｯﾄ（岩崎町竹ノ山37-381）
A12-78,35.156460717053,137.03452756588,北東地区,岩崎区,ｱﾋﾞﾀｼｵﾝ竹ノ山（岩崎町竹ノ山3-1）
A12-79,35.1546936318408,137.037562352527,北東地区,岩崎区,ｾｼﾞｭｰﾙｵﾘｵﾝ（岩崎町竹ノ山83-2）
A12-80,35.1502971993112,137.035825397515,北東地区,岩崎区,ﾌﾟﾛﾆﾃｨ（岩崎町六坊7-1）
A12-81,35.1559576196495,137.032967772705,北東地区,岩崎区,ｱｽｰﾙ英（岩崎町竹ノ山37-1031）
A12-82,35.1574147387901,137.033637697491,北東地区,岩崎区,ﾊﾞﾝﾋﾞｨｸﾞﾗｽ山清（岩崎町竹ノ山37-358）
A12-83,35.1572124093371,137.034090805131,北東地区,岩崎区,ﾋﾙｽﾞ竹の山（岩崎町竹ノ山37-169）
A12-84,35.1567999219477,137.033038509499,北東地区,岩崎区,ｳｨｽﾞﾃﾞｨ（岩崎町竹ノ山37-1022）
A12-85,35.1465772540974,137.036981972187,北西地区,岩崎区,ｳｨﾝｸﾙﾑ（岩崎町根裏50-3）
A12-86,35.1543651651892,137.032195248556,北東地区,岩崎区,ｼﾞｬｽﾐﾝﾌﾟﾗｻﾞ（岩崎町竹ノ山37-382）
A12-87,35.1621986214811,137.040879633318,北東地区,岩崎区,ｴｽﾄｱｳﾞｧﾝｾ（竹の山1-603）
A12-88,35.1542315193164,137.033618841613,北東地区,岩崎区,ﾐﾘｴｰﾙ竹の山（岩崎町竹ノ山37-604）
A12-89,35.1580890719094,137.037262047956,北東地区,岩崎区,ﾌｪﾝﾈﾙｺｰﾄ（岩崎町竹ノ山37-942）
A12-9,35.1584600314557,137.047283984988,北東地区,岩崎区,ｳﾞｨﾗﾕｰｻﾞﾝ88（北新町生出し755-5）
A12-90,35.1571724092961,137.038810408975,北東地区,岩崎区,ﾒｿﾞﾝﾄﾞｰﾙ竹の山（岩崎町竹ノ山37-925）
A12-91,35.1496568764275,137.034972424411,北東地区,岩崎区,ﾌｪﾘｰﾁｪ竹の山（岩崎町野田26）
A12-92,35.1580562999586,137.035622641375,北東地区,岩崎区,ｿﾚｲﾕ竹の山（岩崎町竹ノ山37-971）
A12-93,35.1495027127973,137.035706598294,北東地区,岩崎区,ｸﾞﾙｰｳﾞｨｰ竹の山（岩崎町根裏25-6）
A12-94,35.1590163845833,137.035161507857,北東地区,岩崎区,ｲｸｽﾋﾟﾘｯﾂ（岩崎町竹ノ山37-153）
A12-95,35.1509661962088,137.03452448582,北東地区,岩崎区,ﾌｪｱﾘｰﾃｲﾙ（岩崎町野田18-94）
A12-96,35.1524577159964,137.038279311816,北東地区,岩崎区,ﾒｿﾞﾝﾄﾞｱﾐ（岩崎町竹ノ山37-3）
A12-97,35.1374209133619,137.033385679733,北西地区,岩崎区,ｽﾌﾟﾘﾝｸﾞｺｰﾄ香久山（岩崎町北高上53）
A12-98,35.1549282412822,137.026963864304,北東地区,岩崎区,ﾋﾙｻｲﾄﾞ竹の山（岩崎町芦廻間112-191）
A12-99,35.1596028828072,137.035675044879,北東地区,岩崎区,ｿｱﾗﾌﾟﾗｻﾞ日進竹の山（岩崎町竹ノ山37-247）
A13-1,35.1480681244923,137.053109114244,北東地区,岩藤区,ｼｬﾄｰ日進（岩藤町下原207-1）
A13-14,35.1465621872593,137.056954437096,北東地区,岩藤区,岩藤町七ツ塚602-2
A13-2,35.1480684870535,137.05349664867,北東地区,岩藤区,ｿｻｴﾃｨKATO（岩藤町下原205-5）
A13-3,35.1468582677767,137.054248578848,北東地区,岩藤区,日進ﾃﾗｽ（日進市岩藤町上原511番4）
A14-1,35.1653926915905,137.051735238347,北東地区,北新区,ﾒﾙｳﾞｪｰﾕ45（北新町東口論義25）
A14-10,35.1606124451064,137.057037330256,北東地区,北新区,ホームペガサス（日進市北新町殿ヶ池上545-98）
A14-2,35.1555925728354,137.056473739954,北東地区,北新区,ｻﾝｱｯﾌﾟﾛｲﾔﾙｶﾞｰﾃﾞﾝﾊﾟｰﾄ2（北新町二段場993）
A14-3,35.1553050312321,137.056199722927,北東地区,北新区,ｻﾝｱｯﾌﾟﾛｲﾔﾙｶﾞｰﾃﾞﾝﾊﾟｰﾄ1（北新町二段場990）
A14-4,35.1566158905881,137.054208484685,北東地区,北新区,ﾊｲﾂｴﾑ（北新町殿ヶ池下834-2）
A14-5,35.1609196015109,137.056576325562,北東地区,北新区,愛和ﾊｳｽ（北新町殿ヶ池上9）
A14-7,35.1555338673198,137.056947113738,北東地区,北新区,ｺｰﾎﾟﾄﾞﾗｺﾞﾝ（北新町二段場920-20）
A14-8,35.1601773664474,137.055020040758,北東地区,北新区,ｱﾌﾞﾆｰﾙ22（北新町殿ヶ池上564）
A14-9,35.1651565036174,137.050968681609,北東地区,北新区,ﾌﾚﾝｽﾞｼｬﾄｰ（日進市北新町西口論着345-256）
A15-1,35.1115258557092,137.039968247703,南西地区,南ケ丘区,ｱｰﾊﾞﾆｱ南ケ丘（南ケ丘3-15-8）
A15-2,35.1116898259237,137.040050052018,南西地区,南ケ丘区,サンヒルズ（南ケ丘3-15-7）
A15-3,35.1087038474143,137.039710872688,南西地区,南ケ丘区,グリーンハイツ日進（日進市南ケ丘三丁目１番地）
A18-1,35.1360056723716,137.008803076219,北西地区,梅森区,ｶﾋﾟﾗﾊｲﾂ（梅森台4-47-1）
A18-10,35.1358482981561,137.013525197802,北西地区,梅森区,ﾄﾞﾙﾁｪ（梅森台2-52）
A18-11,35.1349850346288,137.014716666061,北西地区,梅森区,ﾒｿﾞﾝ晃梅（梅森台2-194）
A18-12,35.1341705000768,137.014371860566,北西地区,梅森区,ﾚｵﾊﾟﾚｽShima（梅森台2-168-1）
A18-13,35.1349748593255,137.015663145405,北西地区,梅森区,ｴｸｾﾙｲｰｽﾄｱｲ（梅森台2-254）
A18-14,35.1337022052204,137.016111229885,北西地区,梅森区,ﾘｰﾄﾞｲﾝﾚｼﾞﾃﾞﾝｽ（梅森台1-188-1）
A18-15,35.133276874459,137.016163367521,北西地区,梅森区,ｳﾞｨﾗ晃梅（梅森台1-193）
A18-16,35.1343718690471,137.011024716559,北西地区,梅森区,ｴｽﾎﾟﾜｰﾙ梅森台（梅森台4-183）
A18-17,35.1328787766958,137.010941747639,北西地区,梅森区,ﾂｲﾝﾌﾗｯﾂ（梅森台5-68）
A18-18,35.1376100221507,137.014396401472,北西地区,梅森区,ﾗ　ﾈｰｼﾞｭ梅森台
A18-19,35.1367773342931,137.01302623993,北西地区,梅森区,ﾌｫﾚｽﾄ･ﾌｨｰﾙﾄﾞ梅森台（梅森台3-91）
A18-20,35.1350591032352,137.015412685107,北西地区,梅森区,ｼﾞｭﾈｽ･ﾍﾞﾙ･ｳｯﾄﾞ（梅森台2-229）
A18-21,35.1350360838342,137.012737946223,北西地区,梅森区,ﾋﾞｭｰﾃﾗｽ（梅森台2-96）
A18-22,35.1337137117564,137.016303241197,北西地区,梅森区,横井ﾋﾞﾙⅡ（梅森台1-190）
A18-23,35.1331475883878,137.014130269759,北西地区,梅森区,ﾘｭﾐｴｰﾙ（梅森台1-128、1-132）
A18-24,35.1356834180107,137.014595427599,北西地区,梅森区,ｻﾝﾊｲﾂ梅森台（梅森台2-198-2）
A18-25,35.1346285002861,137.01571865194,北西地区,梅森区,ｺﾍﾞﾝﾄﾐｭｰｽﾞ（梅森台2-256）
A18-26,35.1363035549553,137.012619020636,北西地区,梅森区,ﾗﾋﾞｵｰﾚ（梅森台2-6-1）
A18-27,35.1351459632455,137.012802921869,北西地区,梅森区,ﾒｿﾞﾝ梅森台（梅森台2-89）
A18-28,35.1350226744737,137.013324393185,北西地区,梅森区,ﾚｼﾞﾃﾞﾝｽ鈴木（梅森台2-99）
A18-29,35.1360144882694,137.015794993943,北西地区,梅森区,ｸﾞﾗﾝﾓｱﾒｲﾄ（梅森台2-281）
A18-3,35.1326682976474,137.009344239145,北西地区,梅森区,ﾌﾟﾗｲﾑﾋﾙ日進（梅森台5-179-1）
A18-30,35.1356043861441,137.014472122245,北西地区,梅森区,ﾋﾙｽﾞ晃梅（梅森台2-54）
A18-32,35.1342729144452,137.015242625453,北西地区,梅森区,ﾈｲﾃｨｳﾞﾌﾟﾚｰｽ（梅森台2-216）
A18-33,35.1353043187569,137.015501336406,北西地区,梅森区,ﾗｲﾌ梅森台（梅森台2-231）
A18-34,35.1355054610252,137.014156817484,北西地区,梅森区,ｸﾞﾘｰﾝﾋﾙ梅森（梅森台2-55）
A18-35,35.1362975442547,137.012358408213,北西地区,梅森区,ﾚｲﾝﾎﾞｰﾋﾙｽﾞ（梅森台2-3-2）
A18-36,35.1343635857939,137.015664274014,北西地区,梅森区,ﾗﾌｫｰﾚ伊東（梅森台2-222）
A18-37,35.1363809587183,137.013733357984,北西地区,梅森区,三徳ﾌﾟﾛｷｵﾝ（梅森台2-151）
A18-38,35.1328715909555,137.009703987596,北西地区,梅森区,アバンタージュ（梅森台5-193）
A18-39,35.1353102670313,137.014635516313,北西地区,梅森区,グラン・コーバイ（梅森台2-196）
A18-4,35.1318124233028,137.009664761567,北西地区,梅森区,ﾚｵﾊﾟﾚｽｻﾝｼｬｲﾝ梅森台（梅森台5-234）
A18-40,35.1350981501275,137.013986061686,北西地区,梅森区,ﾋﾞｭｰｺｰﾄ（梅森台2-84）
A18-41,35.1348209346284,137.01606022897,北西地区,梅森区,ｸﾞﾘｰﾝﾋﾙＡ、Ｂ（梅森台2-271、272）
A18-42,35.1347110302103,137.012816908218,北西地区,梅森区,エレガンス（梅森台2-119）
A18-43,35.1339270102139,137.013436180583,北西地区,梅森区,ｺｰﾎﾟ・コーバイ（梅森台2-180）
A18-44,35.1344546726623,137.01540732864,北西地区,梅森区,アンナプルナ（梅森台2-223）
A18-45,35.1354932782243,137.01208306372,北西地区,梅森区,桜A－B（梅森台2-45-2）
A18-46,35.1341667508924,137.014544807477,北西地区,梅森区,Lhotese(ローツェ)（梅森台2-169）
A18-5,35.1318600007444,137.011680855817,北西地区,梅森区,横井ﾋﾞﾙ（梅森台5-81）
A18-6,35.1320531487628,137.012928675621,北西地区,梅森区,ｴｽﾎﾟﾜｰﾙｱｲ（梅森台1-114）
A18-7,35.1377428713662,137.014807672566,北西地区,梅森区,ﾌﾟﾗｻﾞ梅森台（梅森台3-114）
A18-8,35.1362518568845,137.01407992703,北西地区,梅森区,ﾌｧﾐｰﾙ鈴木（梅森台2-13）
A18-9,35.136229863956,137.014512109322,北西地区,梅森区,ｻﾝﾋﾙｽﾞ梅森台（梅森台2-198-1）
A19-1,35.1273582289409,137.046455873832,南東地区,東山区,ﾗﾎﾟｰﾄ（東山二丁目402-4）
A19-2,35.1240184175001,137.050134093485,南東地区,東山区,Senju　Maison（東山五丁目1307）
A2-1,35.127184858663,137.027875225242,北西地区,浅田区,ｽｶｲﾗｲﾌ（浅田町平池69-3）
A2-10,35.1248682101494,137.0268538125,南西地区,浅田区,ｳﾞｨﾗ青嵐（浅田町上ノ山57-1）
A2-11,35.1245145180344,137.027985855041,南西地区,浅田区,上ノ山ﾊｲﾂ（浅田町上ノ山17-1）
A2-12,35.1243663165713,137.028932444135,南西地区,浅田区,ﾚｼﾞﾃﾞﾝｽ浅田（浅田町上ノ山21-1）
A2-13,35.1240216473064,137.023145520706,南西地区,浅田区,ﾋﾙｽﾞ茶園（浅田町茶園33-1）
A2-14,35.1237749761899,137.021753831973,南西地区,浅田区,ｱｸﾄﾋﾟｱ赤池（浅田町茶園2-41）
A2-15,35.1237243842555,137.021887669605,南西地区,浅田区,ｸﾞﾘｰﾝﾋﾙｽﾞｱｶｲｹ（浅田町茶園2-38、39）
A2-16,35.1236733987583,137.021616862637,南西地区,浅田区,ｸﾞﾛｰﾘｱｽ赤池（浅田町茶園1-23）
A2-17,35.1234106348654,137.020948810342,南西地区,浅田区,ｻﾝﾊｳｽ赤池（浅田町茶園41-5）
A2-18,35.1232165251262,137.021226854277,南西地区,浅田区,ﾒｿﾞﾝ笹原（浅田町茶園41-6）
A2-19,35.1230419590842,137.021264907755,南西地区,浅田区,ﾌｧﾐｰﾙ浅井（浅田町茶園41-8）
A2-2,35.125538124239,137.023952059483,南西地区,浅田区,ﾌﾞﾙﾎﾞﾝ浅田（浅田町東前田37-2）
A2-20,35.1212296543921,137.026450240062,南西地区,浅田区,ﾌｫｰﾌﾞﾙJun（浅田町茶園83）
A2-21,35.1209256479089,137.026653076783,南西地区,浅田区,ﾚｵﾊﾟﾚｽｳﾞｪﾙﾃﾞ（浅田町茶園86-1）
A2-22,35.1196266819361,137.02389698031,南西地区,浅田区,ﾗｲｵﾝｽﾞｶﾞｰﾃﾞﾝ赤池（浅田町笹原8-17）
A2-3,35.1263097817676,137.026278814647,南西地区,浅田区,ｸﾞﾘｰﾝﾊｲﾂ浅田（浅田町平池112-3）
A2-38,35.1252219973367,137.028396221108,南西地区,浅田区,ｴﾄﾜｰﾙ（浅田町上ノ山44-1）
A2-39,35.1257304349983,137.02960219591,南西地区,浅田区,田中荘、ﾌｧｽｨﾘﾃｨｰ浅田（浅田町上納9-3）
A2-4,35.1255785152343,137.027288085107,南西地区,浅田区,ｼｰｵｰ赤池東（浅田町上ノ山60-5）
A2-40,35.1245967548093,137.021162737775,南西地区,浅田区,ｼｬﾄｰ日進赤池（浅田町茶園1-5）
A2-42,35.124829034803,137.02712137913,南西地区,浅田区,ﾗﾌｫｰﾚ若慎（浅田町上ノ山56-1）
A2-44,35.1264077600438,137.028229632443,南西地区,浅田区,ｱｰﾄﾋﾙ浅田（浅田町上納1-31）
A2-46,35.1235990654307,137.020746152375,南西地区,浅田区,ﾒｿﾞﾝ笹原Ⅲ（浅田町茶園43-1）
A2-47,35.1266858050147,137.03259231489,南西地区,浅田区,ﾚｼﾞﾃﾞﾝｽ日進（浅田町上納58-4）
A2-48,35.1247339808177,137.023073172054,南西地区,浅田区,名勝産業（浅田町茶園35-11）
A2-5,35.125491786338,137.027830039321,南西地区,浅田区,浅田ﾊｲﾂ（浅田町上納1-85）
A2-51,35.124947459666,137.029706426042,南西地区,浅田区,ｸﾞﾚｰｽｶﾞｰﾃﾞﾝM（浅田町上ノ山38-29）
A2-52,35.1266170021921,137.023967294291,北西地区,浅田区,ｼｬﾄﾚ愛松赤池（浅田町東前田4-2）
A2-53,35.1283893021023,137.021874476407,北西地区,浅田区,ｵｵｼﾏﾊｲﾂﾍﾞﾙ（浅田町大島79-5）
A2-55,35.1275900044659,137.029966109345,南西地区,浅田区,ﾚｵﾊﾟﾚｽｳﾞｪﾙﾃﾞⅡ（浅田町東田面64-3）
A2-56,35.1233613442524,137.022169412019,南西地区,浅田区,ﾙﾐﾅｽ（浅田町茶園13-1）
A2-57,35.1244064873571,137.029618128949,南西地区,浅田区,ﾆｭｰﾊﾟﾚｽ上ノ山（浅田町上ノ山24-1）
A2-58,35.1272244011883,137.028005400743,北西地区,浅田区,ﾊｲﾄﾞﾚﾝｼﾞﾃﾗｽ赤池（浅田町平池1-3）
A2-59,35.1283990320408,137.023005950956,北西地区,浅田区,ｱﾝｿﾚｲﾕ（浅田町森下14-1）
A2-6,35.1253907141905,137.028128434441,南西地区,浅田区,ｶﾈ万ﾊﾟﾚｽ日進（浅田町上納1-4）
A2-60,35.1248088146671,137.026706558796,南西地区,浅田区,上ノ山ﾎｰﾑ（浅田町上ノ山12-1）
A2-61,35.1267574869223,137.023617360342,北西地区,浅田区,ﾌｨｵｰﾚⅠ（浅田町東前田32-6、32-8、32-9）
A2-62,35.124840732365,137.020226274378,北西地区,浅田区,ｱﾘﾑ日進（浅田町西前田124）
A2-63,35.1266969137182,137.032448229772,南西地区,浅田区,オー・ピュール（浅田町上納59-1）
A2-65,35.1249520643374,137.024084308237,南西地区,浅田区,浅田町東前田43番1
A2-66,35.1266864679251,137.02892272273,南西地区,浅田区,ブリーズガーデン（浅田町上納30）
A2-67,35.1279167024564,137.024567747105,北西地区,浅田区,プレジールメゾン（日進市浅田町平池33）
A2-68,35.1198188621945,137.023735584526,南西地区,浅田区,グランドファミリア赤池(日進市浅田町笹原8番3)
A2-69,35.1266946954977,137.026818542144,北西地区,浅田区,エムグレース（日進市浅田町平池84番地２）
A2-7,35.1259772184437,137.023642753887,北西地区,浅田区,ｼｬﾝﾃｸﾚｱ（浅田町西前田44-3）
A2-70,35.1264944444626,137.033344232394,南西地区,浅田区,グローリーパークハウス(日進市浅田町上納58番地12)
A2-71,35.1275407880939,137.027670204473,北西地区,浅田区,ウィズハイム浅田(日進市浅田町平池２)
A2-72,35.1265461614402,137.023520076162,北西地区,浅田区,ハレルアナ(日進市浅田町東前田29番地の1)
A2-73,35.1270858347518,137.026739091696,北西地区,浅田区,ブライト・アヴェニュー(日進市浅田町平池２４９)
A2-74,35.1236295494383,137.021584573169,南西地区,浅田区,日進市浅田町茶園15-5
A2-75,35.1217992357547,137.025322471578,南西地区,浅田区,ヘーベルメゾン弥生(日進市浅田町茶園73-9)
A2-76,35.1257315364837,137.024531932874,南西地区,浅田区,ル・ボヌール　（浅田町東前田1-2、36-3、38-5
A2-77,35.1278968758088,137.022890633962,北西地区,浅田区,ベルロザージュ(日進市浅田町大島61-1)
A2-8,35.1261860059812,137.023957841841,北西地区,浅田区,福安ﾋﾞﾙ（浅田町東前田35-1）
A2-9,35.1249630003845,137.026037654455,南西地区,浅田区,ｸﾞﾗﾝﾚｲﾑ赤池（浅田町上ノ山1-11）
A20-1,35.1460877898305,137.023854734939,北西地区,香久山区,ｼﾃｨｵ香久山（香久山3-1701）
A20-10,35.1445959984359,137.027278169615,北西地区,香久山区,日進香久山花の街（香久山4-201-1）
A20-11,35.1436920973368,137.027578110769,北西地区,香久山区,日進香久山花の街（香久山4-201-1）
A20-12,35.1437777357263,137.028603325496,北西地区,香久山区,日進香久山花の街（香久山4-201-1）
A20-13,35.1443245456137,137.025155903824,北西地区,香久山区,ﾗｲﾌｳｴﾙｽﾞ香久山（香久山3-301-1）
A20-14,35.1438064841923,137.025389901898,北西地区,香久山区,ﾗｲﾌｳｴﾙｽﾞ香久山（香久山3-301-1）
A20-15,35.143493951292,137.025544854561,北西地区,香久山区,ﾗｲﾌｳｴﾙｽﾞ香久山（香久山3-301-1）
A20-16,35.143523577491,137.024361631446,北西地区,香久山区,香久山ﾊﾟｰｸｽｸｴｱﾉｰｽﾘｯｼﾞ（香久山3-301-2）
A20-17,35.1429770286621,137.024362582727,北西地区,香久山区,香久山ﾊﾟｰｸｽｸｴｱｻｳｽﾘｯｼﾞ（香久山3-301-2）
A20-18,35.1432056578782,137.024688019498,北西地区,香久山区,ﾗｲﾌｳｴﾙｽﾞ香久山（香久山3-301-1）
A20-19,35.1426902793973,137.024825985856,北西地区,香久山区,ﾌｫｰﾌﾞﾙ香久山（香久山2-2102）
A20-2,35.1462206889195,137.024259149742,北西地区,香久山区,ﾛｲﾔﾙ香久山（香久山3-1705）
A20-20,35.142711185208,137.025823970098,北西地区,香久山区,ﾒｿﾞﾝﾄﾞｰﾙ（香久山2-2107）
A20-21,35.1422958029306,137.024747873725,北西地区,香久山区,ｳﾞｨﾗｵｰｸ（香久山2-2001）
A20-22,35.1420201440317,137.025060354428,北西地区,香久山区,鈴の木ﾊｲﾂA（香久山2-2009）
A20-23,35.1408337232031,137.024657788826,北西地区,香久山区,ｾｼﾞｭｰﾙ香久山A（香久山2-1201）
A20-24,35.1398758200831,137.024563428932,北西地区,香久山区,ﾊﾞｰﾄﾞﾋﾙ香久山（香久山2-701）
A20-25,35.1404183703898,137.026002738292,北西地区,香久山区,ﾘﾊﾞﾃｨｰﾊｲﾂｶｽﾞ（香久山2-1111）
A20-26,35.1400295551279,137.025986287506,北西地区,香久山区,鈴の木ﾊｲﾂB（香久山2-914）
A20-27,35.1409549445714,137.027198667884,北西地区,香久山区,ｱﾈｯｸｽ香久山（香久山5-802）
A20-29,35.143949749383,137.026264225041,北西地区,香久山区,日進香久山花の街（香久山4-201-1）
A20-3,35.1453862469028,137.023749614127,北西地区,香久山区,ｳｲﾝｸﾞ香久山（香久山3-1802）
A20-31,35.1391474507821,137.028069356492,北西地区,香久山区,ﾋﾞｭｰﾃﾗｽ香久山（香久山1-3102）
A20-32,35.1386391763287,137.027017377385,北西地区,香久山区,ﾀｳﾝｺｰﾄ（香久山1-2905）
A20-33,35.1369679266817,137.027603265297,北西地区,香久山区,ﾌﾚﾏﾘｰﾙ香久山（香久山1-809）
A20-34,35.1367735345202,137.027569248182,北西地区,香久山区,ﾚｼﾞﾃﾞﾝｽ香久山（香久山1-704）
A20-35,35.1365986083492,137.027295203854,北西地区,香久山区,ﾁｯﾌﾟｲﾝ香久山（香久山1-601）
A20-36,35.1362027738686,137.026040825403,北西地区,香久山区,ｸﾞﾗﾝﾒｰﾙ香久山（香久山2-203）
A20-37,35.1373150252708,137.029377243495,北西地区,香久山区,ﾚｵﾊﾟﾚｽｽﾃﾗｺｰﾄ（香久山1-1003）
A20-38,35.1424110012981,137.024511064544,北西地区,香久山区,ﾌﾞﾗｳﾝﾊｳｽ（香久山2-2205）
A20-39,35.1408626910113,137.03033658186,北西地区,香久山区,ｾﾝﾁｭﾘｰｽｸｴｱ香久山（香久山5-201）
A20-4,35.1460248507612,137.025377507923,北西地区,香久山区,佐鳴予備校香久山校（香久山4-1206）
A20-40,35.1433149730867,137.023055361623,北西地区,香久山区,ｸﾞﾗﾝｼｬﾘｵ（香久山3-505）
A20-41,35.1379431547402,137.029295531132,北西地区,香久山区,ﾘﾋﾞﾝｸﾞﾀｳﾝ香久山（香久山1-1601）
A20-42,35.1447264100577,137.028039266729,北西地区,香久山区,日進香久山杜の街（香久山4-201-13）
A20-43,35.1382013637688,137.026023671214,北西地区,香久山区,三徳香久山（香久山2-401-2）
A20-44,35.1441504192212,137.020850506229,北西地区,香久山区,ｸﾚﾒﾝﾃｨｱ（香久山3-701-4）
A20-45,35.1376766340328,137.026573264611,北西地区,香久山区,ｸﾞﾚｰｽⅠ（香久山2-401）
A20-46,35.1383963086804,137.028972465986,北西地区,香久山区,ﾊﾟｰｸﾌﾛﾝﾄ香久山（香久山1-2502）
A20-47,35.1384625202639,137.027748103476,北西地区,香久山区,ｸｵｰﾚG（香久山1-3006）
A20-48,35.1444152619179,137.024488703144,北西地区,香久山区,ﾌﾟﾘﾏﾍﾞｰﾗ（香久山3-1306）
A20-49,35.1426833888474,137.023718342496,北西地区,香久山区,ﾗ･ﾙｰﾁｪ香久山（香久山2-2201）
A20-5,35.146582131214,137.027405166374,北西地区,香久山区,ﾔﾝｸﾞﾋﾞﾚｯｼﾞﾏｷ（香久山4-1002）
A20-50,35.140622860559,137.024723561355,北西地区,香久山区,ノートル　ファミーユ（香久山２丁目401番1）
A20-51,35.1384516347686,137.026047712624,北西地区,香久山区,ファミール香久山（香久山２丁目401番1）
A20-52,35.139069476733,137.030055454536,北西地区,香久山区,良仙（香久山１丁目３４０４番地）
A20-53,35.1420156141694,137.024118429453,北西地区,香久山区,プレジール（香久山二丁目1903番地）
A20-54,35.1393951646514,137.030931956506,北西地区,香久山区,アメニティⅣ（香久山一丁目2311番地）
A20-55,35.1415480612858,137.025995527175,北西地区,香久山区,アメージング（香久山二丁目1506番）
A20-6,35.1451474558281,137.024288456291,北西地区,香久山区,ﾀｳﾆｰﾊﾟﾋﾟﾈｽ（香久山3-1512）
A20-7,35.1457496212191,137.028569155968,北西地区,香久山区,ﾋﾙｻｲﾄﾞ香久山（香久山4-1016）
A20-8,35.1452657620749,137.026718079215,北西地区,香久山区,日進香久山杜の街（香久山4-201-13）
A20-9,35.1446265579954,137.026887196858,北西地区,香久山区,日進香久山花の街（香久山4-201-1）
A21-1,35.1213096153756,137.010944458217,南西地区,赤池区,ﾛｱｰﾙ平針（赤池5-207）
A21-10,35.1201461067045,137.01313405336,南西地区,赤池区,ｱｰﾊﾞﾝﾄﾞｴﾙ赤池（赤池5-2002）
A21-11,35.1206539581259,137.013753650415,南西地区,赤池区,ｱｰﾊﾞﾝﾄﾞｴﾙ赤池第2（赤池5-1310）
A21-12,35.1197973921518,137.013607795187,南西地区,赤池区,ﾗ　ﾌｫﾝﾀﾅ　ﾛｯｻ（赤池5-2012）
A21-13,35.1191879351633,137.012837540437,南西地区,赤池区,ｻﾝﾋﾙｽﾞ（赤池4-105）
A21-14,35.1196289231449,137.014046966129,南西地区,赤池区,藤和ｼﾃｨｺｰﾎﾟ赤池（赤池4-203）
A21-15,35.1202775296381,137.014628671313,南西地区,赤池区,ﾘﾊﾞｰﾋﾞﾚｯｼﾞﾊｲﾂ（赤池1-2303）
A21-17,35.1176655723563,137.014132801482,南西地区,赤池区,㈱ｼﾞｪｲﾃｸﾄ赤池寮（赤池4-1112）
A21-18,35.1185202294058,137.014984990951,南西地区,赤池区,ﾄﾞﾐｰﾙ藤（赤池4-903）
A21-19,35.1175132176963,137.016217596813,南西地区,赤池区,ｸﾚｾｰﾙ（赤池4-1305）
A21-2,35.120954235493,137.01064341627,南西地区,赤池区,ﾒｿﾞﾝﾛｰｾﾞ（赤池5-215）
A21-20,35.123031384098,137.018340269387,南西地区,赤池区,幸希ﾋﾞﾙ（赤池1-1209）
A21-21,35.1228213905754,137.019338318091,南西地区,赤池区,ｻﾝﾗｲﾄﾚｼﾞﾃﾞﾝｽ（赤池2-120）
A21-22,35.1222715572772,137.018938180888,南西地区,赤池区,ﾚ･ﾌｧﾐｰﾕ（赤池1-1306）
A21-23,35.1221549620086,137.018022909797,南西地区,赤池区,ﾚｲｰﾙ赤池（赤池1-1114）
A21-24,35.1216874039313,137.018044385914,南西地区,赤池区,ﾌﾟﾘﾏﾍﾞｰﾗ（赤池1-1119）
A21-25,35.1222227670738,137.020556601313,南西地区,赤池区,ﾀﾞｲｱﾊﾟﾚｽ赤池駅前（赤池2-306）
A21-26,35.1217941093944,137.020169846752,南西地区,赤池区,ﾚｼﾞﾃﾞﾝｽｶﾆｴ（赤池2-401）
A21-27,35.1216764840827,137.020704926331,南西地区,赤池区,ﾋﾟﾅｸﾙｽｸｴｱ、ﾍﾞﾙｻｲｽﾞﾊﾟｰｸ（赤池2-404）
A21-28,35.121679711534,137.021064901133,南西地区,赤池区,ｼﾃｨﾏﾝｼｮﾝｱｶｲｹ（赤池2-405）
A21-29,35.1213190604963,137.021007283557,南西地区,赤池区,ｻﾝｺｰﾄ赤池（赤池2-804、805、825）
A21-3,35.120613546308,137.010760583489,南西地区,赤池区,ﾛｱｰﾙ赤池（赤池5-214）
A21-31,35.1214415322123,137.017420765639,南西地区,赤池区,ﾗﾒｿﾞﾝ赤池（赤池1-1509）
A21-32,35.1212267690981,137.016879488934,南西地区,赤池区,ﾑｰﾆｰｶﾆｴ（赤池1-1721）
A21-33,35.1212696901061,137.017400562145,南西地区,赤池区,ｼｬﾄﾚｰ鬼頭（赤池1-1505）
A21-34,35.1205528213961,137.016280690165,南西地区,赤池区,ｸﾞﾛｰﾘｱｽ赤池中島公園（赤池1-2409）
A21-35,35.1203852522616,137.017456923257,南西地区,赤池区,ｴｸｾﾙﾔﾏｷ（赤池1-2801）
A21-36,35.1201104913307,137.018561482396,南西地区,赤池区,ｱﾄﾞﾘｰﾑ赤池（赤池3-701）
A21-37,35.12013323692,137.018732815501,南西地区,赤池区,ﾗｲｵﾝｽﾞﾏﾝｼｮﾝ赤池（赤池3-702）
A21-38,35.120040351499,137.018777527515,南西地区,赤池区,ﾊｳｽK･V（赤池3-802）
A21-39,35.1199159369315,137.018397262994,南西地区,赤池区,ﾆｯｼﾝﾊﾟｰｸｻｲﾄﾞ（赤池3-405）
A21-4,35.1212478067798,137.01110915003,南西地区,赤池区,ﾄﾞﾐﾄﾘｰ赤池（赤池5-210）
A21-40,35.1202584209912,137.019747451199,南西地区,赤池区,ｱｰﾊﾞﾝﾋﾞﾙ早川（赤池2-913）
A21-41,35.1194755283766,137.017623152677,南西地区,赤池区,早川ｳﾞｨﾗ（赤池3-308）
A21-42,35.1192877898927,137.018460060112,南西地区,赤池区,ﾌｫﾚｽﾄ赤池（赤池3-406）
A21-43,35.1182804793793,137.019401239913,南西地区,赤池区,ｴﾎﾟｯｸﾊｲﾂ（赤池3-1119）
A21-44,35.1207249333157,137.018865488921,南西地区,赤池区,ﾙﾐｴｰﾙ赤池（赤池1-3003）
A21-45,35.1214687486761,137.01661155732,南西地区,赤池区,藤和ｼﾃｨﾎｰﾑｽﾞ赤池（赤池1-803-2）
A21-46,35.1230248550686,137.019938002327,南西地区,赤池区,ｹｰｽﾃｰｼﾞⅥ（赤池2-117）
A21-47,35.1220952010896,137.015187594948,南西地区,赤池区,ﾓﾙｹﾞﾝﾚｰﾃ（赤池1-303-1）
A21-48,35.1229410812649,137.018138112346,南西地区,赤池区,ﾚｵﾊﾟﾚｽｽﾗｯﾌﾟ赤池（赤池1-1208）
A21-49,35.1198512844654,137.013881980026,南西地区,赤池区,ﾌｫﾚｽﾄﾜﾝ（赤池5-2011）
A21-5,35.1214487191281,137.013000169021,南西地区,赤池区,日進市赤池五丁目807
A21-50,35.1198469098654,137.01150261528,南西地区,赤池区,ﾊﾝﾓﾘﾊﾞｰﾊｲﾂ（赤池5-1804）
A21-51,35.1210948039358,137.014928871593,南西地区,赤池区,ｹｰｽﾞ(K's)ｽﾍﾟｰｽ赤池（赤池1-2004）
A21-52,35.1213331952968,137.016341026201,南西地区,赤池区,M.ﾊｳｽ1（赤池1-1718）
A21-53,35.1211707331217,137.017126452581,南西地区,赤池区,M.ﾊｳｽ2（赤池1-1507）
A21-54,35.1195972646295,137.013532796049,南西地区,赤池区,ﾒﾋﾞｳｽA.K.（赤池4-202-3）
A21-55,35.1226944186838,137.019225427377,南西地区,赤池区,ｾﾚｰｼﾞｬ（赤池2-202）
A21-56,35.1194549584196,137.014633600733,南西地区,赤池区,ﾚｵﾊﾟﾚｽｴﾝﾄﾞｰ（赤池4-713）
A21-57,35.1194920512666,137.014955761181,南西地区,赤池区,ﾊｲﾂ高根（赤池4-711）
A21-58,35.119274792518,137.014733335874,南西地区,赤池区,べる・こーと（赤池4-801）
A21-59,35.1198899423611,137.015524221355,南西地区,赤池区,ｼｬﾄｰﾙ大和（赤池4-707）
A21-6,35.1202204312659,137.011752166357,南西地区,赤池区,ｶﾞｰﾃﾞﾝｺｰﾄ平針（赤池5-1708）
A21-60,35.120200203621,137.013569299884,南西地区,赤池区,ﾒｿﾞﾝﾃﾞｭｵ赤池（赤池5-2004）
A21-61,35.1221724277878,137.018520007502,南西地区,赤池区,ｽｶｲﾊｳｽ（赤池1-1311）
A21-62,35.1188258392946,137.018423155506,南西地区,赤池区,ﾎﾞﾝﾇ･ｺﾘｰﾇ（赤池3-1107）
A21-63,35.1220687639094,137.01896597633,南西地区,赤池区,ｼﾃｨｰﾗｲﾌ赤池Ⅱ（赤池1-1308）
A21-64,35.1214729452646,137.010933834042,南西地区,赤池区,ﾄﾘﾆﾃｨ平針、ｳｨﾝｸﾞｱﾛｰ平針、ﾊﾝﾓﾘｯﾂ平針（赤池5-106、5-203、5-205）
A21-65,35.1201835794537,137.016130511036,南西地区,赤池区,ｱﾝｿﾚｲﾕ（赤池1-2409-1）
A21-66,35.1198431611713,137.016470483449,南西地区,赤池区,ﾌｧｰｽﾄｳﾞｨﾗ赤池（赤池3-101-2）
A21-67,35.1193963083964,137.015021108589,南西地区,赤池区,ｾｶﾝﾄﾞｳﾞｨﾗ赤池（赤池3-126）
A21-68,35.1183780880921,137.014352433962,南西地区,赤池区,ﾜﾝﾀﾞｰｽｸｴｱ赤池Ⅱ（赤池4-1001）
A21-69,35.1188199083885,137.018217454597,南西地区,赤池区,Tｽﾃｰｼﾞ赤池ｶﾞｰﾃﾞﾝﾃﾗｽ（赤池3-1701）
A21-69,35.1185518189308,137.01777909083,南西地区,赤池区,Tｽﾃｰｼﾞ赤池ｶﾞｰﾃﾞﾝﾃﾗｽ（赤池3-101-7）
A21-7,35.1195105638089,137.011774136402,南西地区,赤池区,ﾚｵﾊﾟﾚｽ赤池（赤池5-1915）
A21-70,35.1222339190781,137.015753041335,南西地区,赤池区,ﾒｿﾞﾝﾄﾞﾎﾞﾇｰﾙ（赤池1-701）
A21-71,35.1184650674401,137.013699373589,南西地区,赤池区,ﾊﾟｰｸｻｲﾄﾞﾏﾙﾈ（赤池4-501）
A21-72,35.1195654501192,137.017441302714,南西地区,赤池区,ﾀｶﾈｺｰﾎﾞｰ（赤池3-306）
A21-73,35.120944143703,137.011842079726,南西地区,赤池区,クレメントハーモニー（赤池5-1604）
A21-74,35.1202278303135,137.013888518152,南西地区,赤池区,ｸｵﾚ（赤池5-2008）
A21-75,35.1211410241086,137.020185169362,南西地区,赤池区,ﾍﾞﾘｽﾀ赤池（赤池2-801）
A21-76,35.1216530665375,137.020572101199,南西地区,赤池区,ｽﾛｰﾝｽｸｴｱ（赤池2-410）
A21-77,35.1200945179142,137.012403889902,南西地区,赤池区,ﾍﾞﾙｴｸﾚ（赤池5-1704）
A21-78,35.1198683983845,137.011811091078,南西地区,赤池区,ｿﾌｨｱ（赤池5-1902
A21-79,35.1219559119129,137.01416956859,南西地区,赤池区,ﾌﾟﾚﾐｱﾑｷｬｯｽﾙ平針（赤池5-1101）
A21-8,35.1195559864736,137.012048225355,南西地区,赤池区,ﾌﾞﾘｰｽﾞⅢ（赤池5-1914）
A21-80,35.1206736724359,137.016398631509,南西地区,赤池区,La Terre Verte（赤池1-2601）
A21-81,35.1204016040212,137.015304285162,南西地区,赤池区,クレスト早川（赤池1-2307）
A21-82,35.1190158516404,137.013910090394,南西地区,赤池区,シーガルネスト（日進市赤池4丁目309番地）
A21-83,35.1217561575883,137.020992132566,南西地区,赤池区,ノッティングヒル（日進市赤池2丁目404番地）
A21-84,35.1233901328955,137.019128169563,南西地区,赤池区,プラセシオン赤池ファースト(日進市赤池二丁目103番地１)
A21-85,35.1217972143132,137.010805945322,南西地区,赤池区,トリニティ平針（赤池5-106）
A21-86,35.1182324236983,137.014074255799,南西地区,赤池区,マ・ルネ（赤池4-502）
A21-87,35.1176790643739,137.017001618358,南西地区,赤池区,レジデンス高根(日進市赤池三丁目2105番地)
A21-88,35.1216455091467,137.010673257702,南西地区,赤池区,"オリーナ赤池(日進市赤池五丁目103,104,105)"
A21-89,35.1204332361207,137.01215353994,南西地区,赤池区,コリナベルデ（赤池5-1702）
A21-9,35.120030152288,137.012757072484,南西地区,赤池区,ｱﾄﾚ赤池（赤池5-1908）
A21-90,35.1181825499353,137.017678827596,南西地区,赤池区,プラウド赤池（赤池3-2102）
A22-1,35.1533388973643,137.022881672531,北東地区,岩崎台区,ﾃﾞｨｱｺｰﾄ（岩崎台3-718）
A22-10,35.1520636149073,137.024715439401,北東地区,岩崎台区,ﾊﾟｰｸｲﾜｻｷ（岩崎台2-1414）
A22-11,35.1519628875935,137.025302047934,北東地区,岩崎台区,ｽﾌﾟﾘﾝｸﾞ岩崎（岩崎台2-1416）
A22-12,35.1516953356836,137.025378023504,北東地区,岩崎台区,ｽﾌﾟﾘﾝｸﾞ岩崎Ⅲ（岩崎台2-1417）
A22-13,35.1515576794878,137.025683495179,北東地区,岩崎台区,ﾗｲﾄﾋﾙｽﾞ岩崎（岩崎台2-1823）
A22-14,35.1526939196143,137.029022030575,北東地区,岩崎台区,ﾙﾐｴｰﾙ（岩崎台4-1307）
A22-15,35.1528735651831,137.028455922486,北東地区,岩崎台区,ﾊｯﾋﾟｰﾋﾞﾚｯｼﾞ（岩崎台4-1002）
A22-16,35.1525129975278,137.028466739725,北東地区,岩崎台区,ﾒﾙｳﾞｪｰﾕK（岩崎台4-1422）
A22-17,35.1516026759893,137.028039568563,北東地区,岩崎台区,ｳﾞｨﾗﾊﾋﾟﾈｽ（岩崎台4-1008）
A22-18,35.1519204802369,137.02760515889,北東地区,岩崎台区,ｼﾞｭﾈｽSANOH（岩崎台3-109）
A22-19,35.1516130627758,137.027271362419,北東地区,岩崎台区,ﾕｰﾊｳｽ岩崎（岩崎台2-2222）
A22-2,35.1535415148885,137.02384851661,北東地区,岩崎台区,ｴｽﾃｰﾄﾋﾟｱ岩崎台（岩崎台3-1103）
A22-20,35.1510284180797,137.028404164537,北東地区,岩崎台区,ｱｰｸﾋﾙｽﾞｺﾑﾗ（岩崎台4-827、805）
A22-21,35.150720753379,137.027852504042,北東地区,岩崎台区,ﾈｵ岩崎台（岩崎台4-906）
A22-22,35.1502625308392,137.028707286554,北東地区,岩崎台区,ﾌﾗﾜｰﾀｳﾝK（岩崎台4-707）
A22-23,35.1499599928629,137.027672042274,北東地区,岩崎台区,ﾌﾟﾚｽﾃｰｼﾞ岩崎台（岩崎台4-911）
A22-24,35.1496692884069,137.027212885647,北東地区,岩崎台区,ｼﾃｨｵ岩崎台（岩崎台4-401）
A22-25,35.1504576053436,137.026820592163,北東地区,岩崎台区,ｻﾞ･ｻｸｾｽ岩崎台（岩崎台2-2106、2-2215）
A22-26,35.1503115153243,137.02716382695,北東地区,岩崎台区,ｱﾙﾊﾞ日進（岩崎台2-2212）
A22-27,35.1499505088612,137.026794021084,北東地区,岩崎台区,ｽｶｲﾊｲﾂ日進（岩崎台2-101、2-122）
A22-28,35.1495939245633,137.026585439791,北東地区,岩崎台区,ｻﾝﾊｲﾂ日進（岩崎台2-102）
A22-29,35.1512404992141,137.023031230276,北東地区,岩崎台区,ｼｭﾛｽ岩崎（岩崎台2-1501）
A22-3,35.153640819262,137.024431495914,北東地区,岩崎台区,風見鶏（岩崎台3-1207）
A22-31,35.150291600068,137.023384333643,北東地区,岩崎台区,ﾀｳﾆｰ信栄（岩崎台2-1114）
A22-32,35.1498376957232,137.023059377926,北東地区,岩崎台区,ﾀｳﾆｰ信栄2（岩崎台2-906）
A22-33,35.1496555175733,137.02382622176,北東地区,岩崎台区,ﾍﾞﾙｳｯｽﾞ日進（岩崎台2-908）
A22-34,35.1497095748012,137.024337143484,北東地区,岩崎台区,ﾋﾞｰｽﾞｱﾍﾞﾆｭｰ（岩崎台2-806）
A22-36,35.1480158107353,137.021275815112,北東地区,岩崎台区,ｾｼﾞｭｰﾙ幸村（岩崎台1-1717）
A22-38,35.1470162259159,137.024034860196,北東地区,岩崎台区,住友香久山ｼﾃｨﾊｳｽ（岩崎台1-1217）
A22-4,35.1531448737296,137.024305367917,北東地区,岩崎台区,ﾗﾋﾞﾝｸﾞｳﾞｪｰﾙ（岩崎台3-1109）
A22-40,35.1523228585867,137.027187833473,北東地区,岩崎台区,ﾆｭｰﾙｯｸ岩崎（岩崎台3-308）
A22-41,35.1484076373415,137.026292567499,北東地区,岩崎台区,ﾕﾆｰﾌﾞﾙ日進（岩崎台1-101）
A22-42,35.1478702087761,137.026852456658,北東地区,岩崎台区,きららﾊｲﾂ（岩崎台4-304）
A22-43,35.1520133107288,137.025020762183,北東地区,岩崎台区,ﾒｿﾞﾝけやき（岩崎台2-1415）
A22-44,35.1522114202468,137.028271771191,北東地区,岩崎台区,ｺｰﾎﾟﾗｽYY（岩崎台4-1006）
A22-45,35.1504649563768,137.024692533044,北東地区,岩崎台区,ﾛｲﾔﾙｺｰﾄB（岩崎台2-710）
A22-46,35.1493354817138,137.024805894972,北東地区,岩崎台区,ﾕﾆｰﾌﾞﾙ日進の丘（岩崎台1-601）
A22-48,35.1510752917333,137.027536352917,北東地区,岩崎台区,ﾀｳﾝｺｰﾄ岩崎台（岩崎台4-919）
A22-49,35.1531781459142,137.022710511794,北東地区,岩崎台区,ﾎﾞﾅｰﾙ（岩崎台3-717）
A22-5,35.1534870357822,137.02543661095,北東地区,岩崎台区,ﾊｲﾈｽ大鐘（岩崎台3-909）
A22-50,35.1538732243159,137.028097512177,北東地区,岩崎台区,ﾕﾆｰﾌﾞﾙ岩崎台ｽｸｴｱ（岩崎台3-1604）
A22-51,35.1507623895071,137.027293337513,北東地区,岩崎台区,ｳｨｽﾃﾘｱ（岩崎台2-2210）
A22-52,35.1490987216987,137.02233015681,北東地区,岩崎台区,ﾎﾞﾇｰﾙ岩崎台A棟B棟（岩崎台1-1901-4、1-1901-3）
A22-53,35.1491709929436,137.027470998242,北東地区,岩崎台区,ｱﾋﾞﾀｼｵﾝ･ﾄｭﾙﾜ（岩崎台4-410、4-405、4-409）
A22-54,35.1481546902127,137.026838251057,北東地区,岩崎台区,ｱﾍﾞﾆｭｰ岩崎Ⅰ（岩崎台4-308）
A22-55,35.147465568221,137.02286467585,北東地区,岩崎台区,有料老人ﾎｰﾑにっしん岩崎台（岩崎台1-1214）
A22-56,35.148900517736,137.02626428278,北東地区,岩崎台区,ﾊﾟｰｸﾋﾙｽﾞK（岩崎台2-314）
A22-56,35.1490935594082,137.025060174692,北東地区,岩崎台区,ﾊﾟｰｸﾋﾙｽﾞK（岩崎台2-314）
A22-58,35.1483262725454,137.024161204295,北東地区,岩崎台区,ﾋﾙｽﾞ岩崎台（岩崎台1-1104）
A22-59,35.1493572170019,137.026519005337,北東地区,岩崎台区,ﾌﾙｰﾂﾊﾟｰｸK（岩崎台2-119）
A22-6,35.1541110641833,137.026718300629,北東地区,岩崎台区,ﾌｧﾐｰﾙ中野（岩崎台3-2003）
A22-60,35.1483294503876,137.026889426037,北東地区,岩崎台区,ﾍﾞﾙｽﾃｰｼﾞ岩崎台（岩崎台4-309）
A22-61,35.1512674222059,137.024380747994,北東地区,岩崎台区,ﾚｽﾃｵ岩崎台（岩崎台2-1606）
A22-62,35.1508294211732,137.026792517051,北東地区,岩崎台区,ｻﾞ･ﾛｲﾔﾙｵｰｸ（岩崎台2-2005）
A22-63,35.1477294499371,137.026893854286,北東地区,岩崎台区,風の郷（岩崎台4-305）
A22-64,35.1537188565203,137.028615620299,北東地区,岩崎台区,ｶﾞｰﾃﾞﾝｳﾞｧｰﾍﾞﾅ（岩崎台4-1108）
A22-65,35.1522707862587,137.028474064019,北東地区,岩崎台区,ｳﾞｫﾜﾘｴ（岩崎台4-1501）、ｼｪ･ｶﾄｰﾙ（岩崎台4-1502）
A22-66,35.1533653727361,137.025001296495,北東地区,岩崎台区,ｱｲﾘｽ大鐘（岩崎台3-910-2、918-1）
A22-67,35.1503663559206,137.024708070039,北東地区,岩崎台区,ﾛｲﾔﾙﾀｳﾝD･E・F棟（岩崎台2-614）
A22-68,35.1494507302618,137.023463184169,北東地区,岩崎台区,プレシャス岩崎台（岩崎台2-907）
A22-69,35.1538580944217,137.02615325075,北東地区,岩崎台区,フリーダ（岩崎台3-2021）
A22-7,35.152568454571,137.025201559628,北東地区,岩崎台区,ｾｼﾞｭｰﾙﾆｺｳ（岩崎台3-817）
A22-70,35.146959718908,137.019300535676,北東地区,岩崎台区,グリーンハイツ日進（岩崎台1-2303-8）
A22-71,35.14724728206,137.019449168927,北東地区,岩崎台区,フォーブル日進（岩崎台1-2303-5）
A22-72,35.1471504317513,137.020015438448,北東地区,岩崎台区,ホワイトハイツ日進（岩崎台1-2303-14）
A22-73,35.1519599775294,137.027617164999,北東地区,岩崎台区,Y.E.S.Spazio（岩崎台3-108）
A22-74,35.149407034925,137.020988638931,北東地区,岩崎台区,ｻﾞ・ｻﾝ（岩崎台1-2101）
A22-75,35.1538065710161,137.02665461253,北東地区,岩崎台区,ヘーベル・シェルム（岩崎台3-1924）
A22-76,35.1520845382741,137.025495340048,北東地区,岩崎台区,シャルム岩崎（岩崎台3-516）
A22-77,35.148588136612,137.02037284845,北東地区,岩崎台区,ウエストヒルズ岩崎台（岩崎台1-2201-1）
A22-78,35.1482025731389,137.025066547271,北東地区,岩崎台区,日進市岩崎台一丁目716-3
A22-8,35.1523134132492,137.023953615468,北東地区,岩崎台区,ｳﾞｪﾙﾄﾞﾐｰﾙ（岩崎台3-529）
A22-9,35.1521167828455,137.02439298908,北東地区,岩崎台区,ﾒｲﾄｰｼｴｽﾀ（岩崎台2-1410）
A23-1,35.1234786444835,137.050059046316,南東地区,折戸区,ｴｸｾﾙ東山（栄3-307）
A23-10,35.1211067168262,137.050038398729,南東地区,折戸区,ｱﾑｰﾙ栄（栄3-2122）
A23-11,35.121138305841,137.0506416822,南東地区,折戸区,ｼﾞｭﾈｽA1（栄3-2117）
A23-12,35.1227495754687,137.053608701118,南東地区,折戸区,アルバックス日進（栄3-1304）
A23-14,35.1221822568733,137.052419709065,南東地区,折戸区,ﾗｲｵﾝｽﾞﾏﾝｼｮﾝﾆｭｰｼﾃｨ日進の丘（栄3-1307）
A23-15,35.1218734462246,137.053602999514,南東地区,折戸区,ﾗｲｵﾝｽﾞﾏﾝｼｮﾝﾆｭｰｼﾃｨ日進の丘（栄3-1307）
A23-16,35.1214597596778,137.053980666653,南東地区,折戸区,日進ｼﾃｨﾊｳｽ（栄3-1309）
A23-17,35.1210385178995,137.052352733531,南東地区,折戸区,ｴｽﾃｰﾄﾊﾟﾚｽ福岡（栄4-101）
A23-18,35.1211235806285,137.052986883018,南東地区,折戸区,ｻﾝﾊｳｽ日進Ⅱ（栄4-106）
A23-19,35.1211577382181,137.05336392969,南東地区,折戸区,ｸﾞﾛｰﾘｱｽﾋﾙｽﾞ日進第7（栄4-201）
A23-2,35.1230923911769,137.049799014977,南東地区,折戸区,ｴｽﾎﾟﾜｰﾙ東山（栄2-803、804）
A23-20,35.121239793821,137.05377525174,南東地区,折戸区,ﾒｿﾞﾝ･ﾄﾞ･ｴﾄﾜｰﾙ（栄4-202）
A23-21,35.1203121208937,137.052826839094,南東地区,折戸区,ﾗｲﾌｳｪﾙｽﾞ日進Ⅱ（栄4-1201）
A23-22,35.1204534326896,137.053268904166,南東地区,折戸区,ｴﾄﾜｰﾙ日進Ⅰ（栄4-1113）
A23-23,35.1204369047333,137.053718100698,南東地区,折戸区,ﾗｲﾌｳｪﾙｽﾞ日進（栄4-1202）
A23-24,35.1199091223826,137.052583943495,南東地区,折戸区,ﾛｲﾔﾙｺﾝﾌｫｰﾄ日進（栄4-1313）
A23-25,35.1195432610011,137.053009594923,南東地区,折戸区,ﾌｧﾐｰﾙ日進壱番館（栄4-1601）
A23-26,35.1194225423511,137.053380046468,南東地区,折戸区,ﾌｧﾐｰﾙ日進弐番館（栄4-1701）
A23-27,35.1196596024957,137.053839091054,南東地区,折戸区,ﾒｲﾂ日進（栄4-1702）
A23-28,35.1197275810906,137.054236711126,南東地区,折戸区,ｱﾒﾆﾃｨ日進（栄4-1703）
A23-29,35.1197836034748,137.053893777197,南東地区,折戸区,ﾈｽﾊﾟﾙﾄﾞ日進（栄4-1310）
A23-3,35.1227266990912,137.050296670321,南東地区,折戸区,ﾌｧﾐｰﾙ日進五番館（栄3-1008）
A23-30,35.1199811399536,137.054311846324,南東地区,折戸区,ｸﾞﾗﾝﾄﾞﾊｲﾂ日進（栄4-1307）
A23-31,35.1198379649263,137.054870927551,南東地区,折戸区,ｸﾞﾗﾝﾄﾞﾋﾙｽﾞ日進（栄4-1707）
A23-32,35.1203675596462,137.054859890809,南東地区,折戸区,ﾚｵﾊﾟﾚｽｲﾝｻｲﾄﾞE（栄4-901-2）
A23-33,35.120567955354,137.055253933714,南東地区,折戸区,ｲﾝｻｲﾄﾞA（栄4-605）
A23-34,35.120415742618,137.055202684586,南東地区,折戸区,ﾚｵﾊﾟﾚｽｲﾝｻｲﾄﾞF（栄4-902-2）
A23-35,35.1200070696918,137.054959784719,南東地区,折戸区,ｸﾞﾛｰﾘｱｽﾋﾙｽﾞ日進第5（栄4-904）
A23-36,35.119574555366,137.056342002893,南東地区,折戸区,ﾊﾞﾝﾍﾞｰﾙ日進（栄4-1803）
A23-37,35.1189405037036,137.053058486422,南東地区,折戸区,ﾀﾞｲｱﾊﾟﾚｽ日進（栄5-305）
A23-38,35.1208140103842,137.047439872756,南東地区,折戸区,ｺｽﾓⅡ（栄2-102）
A23-39,35.1205725561621,137.048221945908,南東地区,折戸区,ｺｽﾓﾀｳﾝﾆｯｼﾝ（栄2-106）
A23-4,35.1231334992857,137.05149608533,南東地区,折戸区,ﾌｨｵｰﾚ東山（栄3-406）
A23-40,35.1206412921016,137.049380769866,南東地区,折戸区,ｸﾚｰﾙ栄（栄2-208）
A23-41,35.1209406239075,137.050179181366,南東地区,折戸区,ﾚｸﾞﾗｽ日進（栄2-302）
A23-42,35.1209808071795,137.050909392709,南東地区,折戸区,ｸﾘｽﾀﾙﾊﾟﾚｽ（栄2-411）
A23-43,35.1199693411863,137.047801076618,南東地区,折戸区,ﾌｧﾐｰﾙ日進参番館（栄2-130）
A23-44,35.1200239082823,137.048939285722,南東地区,折戸区,ｸﾞﾛｰﾘｱｽﾋﾙｽﾞ日進第3（栄2-1304）
A23-45,35.1200302746883,137.049649019995,南東地区,折戸区,ｸﾞﾛｰﾘｱｽﾋﾙｽﾞ日進第2（栄2-1103）
A23-46,35.120196970592,137.050228185349,南東地区,折戸区,ｿﾌｨｱ日進（栄2-701）
A23-47,35.1201419480341,137.051513900533,南東地区,折戸区,ﾊﾟｰﾙｼﾃｨ（栄2-707）
A23-48,35.1198682128503,137.051078939248,南東地区,折戸区,ﾚｵﾊﾟﾚｽﾀﾞｲﾔﾓﾝﾄﾞﾊｳｽ（栄2-805）
A23-49,35.1192738815686,137.048182683068,南東地区,折戸区,ｳﾞｨｵﾗ日進（栄2-1603）
A23-5,35.1230011897633,137.051616303648,南東地区,折戸区,ﾚｵﾊﾟﾚｽ葵（栄3-408）
A23-50,35.11931412315,137.049053421568,南東地区,折戸区,ﾌﾟﾗｲﾑｶﾞｰﾃﾞﾝ日進（栄2-1001）
A23-51,35.1194223676865,137.05024640288,南東地区,折戸区,ｸﾞﾛｰﾘｱｽﾋﾙｽﾞ日進第6（栄2-901）
A23-52,35.1194569368033,137.051045179764,南東地区,折戸区,ﾗﾋﾞﾃﾞﾝｽ日進（栄2-902）
A23-53,35.1170115944241,137.047911682154,南西地区,折戸区,ﾌｫｰﾌﾞﾙ日進（栄1-1403）
A23-54,35.1164848248336,137.047953587698,南西地区,折戸区,ﾙﾐｴｰﾙ日進Ⅱ（栄1-1605）
A23-55,35.1163049060773,137.048334431122,南西地区,折戸区,ｵｰｼｬﾝ50日進駅前（栄1-1411）
A23-56,35.1158851386694,137.048283584527,南西地区,折戸区,ﾙﾐｴｰﾙ日進Ⅰ（栄1-1719）
A23-57,35.116961679154,137.048768812511,南東地区,折戸区,日進ｴｸｾﾙﾊｲﾂ（栄1-1118）
A23-58,35.1161251160644,137.048848898633,南東地区,折戸区,林ﾃﾚﾝﾌﾟ日進寮（栄1-1112）
A23-59,35.1168613408342,137.049879773874,南東地区,折戸区,日進ﾊﾟｰｸ･ﾏﾝｼｮﾝ（栄1-103）
A23-6,35.1217338822914,137.049036338688,南東地区,折戸区,ｻﾝﾊｳｽ日進（栄3-2210）
A23-60,35.1154388975374,137.050029251737,南東地区,折戸区,栄ﾊﾋﾟﾈｽ（栄1-517）
A23-61,35.1155323194327,137.050437014887,南東地区,折戸区,ﾂｲﾝｽﾞﾊｳｽ（栄1-501）
A23-62,35.1165895889161,137.048522501178,南東地区,折戸区,ｽﾃｰｼﾞｱ日進（栄1-1105）
A23-63,35.1218284790002,137.053716179843,南東地区,折戸区,ﾎﾞﾇｰﾙ栄（栄3-1425）
A23-64,35.1198509363832,137.0506401064,南東地区,折戸区,ﾗ･ｳﾞｨﾙ日進（栄2-802）
A23-65,35.1205002388218,137.049219800438,南東地区,折戸区,ｶﾞｰﾃﾞﾝｾﾗﾑ（栄2-1202）
A23-66,35.1195896999844,137.051401562561,南東地区,折戸区,ﾚｵﾊﾟﾚｽｾﾝﾄﾗﾙﾘﾊﾞｰ（栄2-807）
A23-67,35.1195666506053,137.050863338476,南東地区,折戸区,ﾚｵﾊﾟﾚｽｻﾝｳｯﾄﾞｸﾞﾘｰﾝ（栄2-809）
A23-68,35.1206555734715,137.04960698253,南東地区,折戸区,ｴﾄﾜｰﾙ日進Ⅱ（栄2-308）
A23-69,35.1197455485415,137.055440141245,南東地区,折戸区,ｾﾙｼｵｽｸｴｱ日進A（栄4-801）
A23-7,35.1214159908615,137.049461946765,南東地区,折戸区,ｶﾞｰﾃﾞﾝﾋﾙｽﾞ（栄3-2109）
A23-70,35.1201145251746,137.055353952561,南東地区,折戸区,ｾﾙｼｵｽｸｴｱ日進B（栄4-701）
A23-71,35.120751975409,137.056275354153,南東地区,折戸区,ｾﾙｼｵｺｰﾄ日進（栄4-603）
A23-72,35.1167730847685,137.048851366836,南東地区,折戸区,ｲﾝｻｲﾄﾞ日進（栄1-1107）
A23-73,35.1210949659229,137.049537781463,南東地区,折戸区,ﾃﾞｨﾗｲﾄ（栄3-2124）
A23-74,35.1206860020935,137.055010314431,南東地区,折戸区,ｲﾝｻｲﾄﾞ栄（栄4-901-1）
A23-75,35.1202285259374,137.050797231212,南東地区,折戸区,ﾌﾛｰﾗﾙﾋﾙｽﾞ（栄2-703、710、709）
A23-76,35.1225620301715,137.051932360256,南東地区,折戸区,ﾌﾟﾗｳﾄﾞ日進（栄3-1201）
A23-77,35.117075965661,137.047551628306,南西地区,折戸区,ﾌﾟﾗｳﾄﾞ日進ﾊﾟｰｸﾌﾛﾝﾄ（栄1-1601）
A23-78,35.1214850786435,137.051001280061,南東地区,折戸区,ﾚｵﾊﾟﾚｽｲﾝｻｲﾄﾞG（栄3-2001）
A23-79,35.1211198352867,137.049061139508,南東地区,折戸区,ﾌｧｰｽﾄﾎﾟｲﾝﾄ（栄3-2128）
A23-8,35.1214364299813,137.05018527796,南東地区,折戸区,ﾗｲﾌｳｪﾙｽﾞ日進Ⅲ（栄3-2121）
A23-80,35.1201328777442,137.054433860155,南東地区,折戸区,プラセシオン日進栄え（栄4-1002-1）
A23-81,35.12084666751,137.052044371425,南東地区,折戸区,ソレーユ日進栄（栄4-112）
A23-82,35.1205888319302,137.050508828068,南東地区,折戸区,D-room栄（栄2-602）
A23-83,35.1207337748626,137.051821697385,南東地区,折戸区,D-room栄Ⅱ（栄2-409）
A23-84,35.1231468544634,137.051890615097,南東地区,折戸区,サンリット　ヴィラ（栄４丁目407）
A23-85,35.117933459268,137.047489599916,南西地区,折戸区,パークホームズ日進ゲートマーク（栄１丁目1301）
A23-86,35.1228824470405,137.052165172228,南東地区,折戸区,ステラ（栄3丁目501）
A23-87,35.121900006984,137.050142376971,南東地区,折戸区,グラン・シャリオ（栄３丁目1902）
A23-88,35.1204836592676,137.047747885673,南東地区,折戸区,日進市栄二丁目109番地
A23-89,35.121061020122,137.054926308876,南東地区,折戸区,日進市栄四丁目502番
A23-9,35.1214621358608,137.050576161159,南東地区,折戸区,ﾒｿﾞﾝﾄﾞｩﾚｼﾞｪﾝﾄﾞ（栄3-2116）
A24-1,35.123832803537,137.034407144617,南西地区,折戸区,ｴｽﾎﾟﾜｰﾙ藤塚（藤塚3-82）
A24-10,35.1168105738094,137.036082688297,南西地区,折戸区,ｷｬｯｽﾙﾆｭｰｺｰﾄ日進（藤塚5-109-1）
A24-11,35.1131360254623,137.038841276076,南西地区,折戸区,ｻﾝ･ｻﾝ藤塚（藤塚6-282）
A24-12,35.1110955787514,137.036636808153,南西地区,折戸区,ｺｰﾎﾟほしの、ﾌﾙｰﾙほしの、ｱﾍﾞﾆｭｰほしの（藤塚7-45）
A24-13,35.1098370986509,137.03862527056,南西地区,折戸区,ｽｶｲｶﾞｰﾃﾞﾝ前田Ⅱ（藤塚7-174）
A24-14,35.1094427664019,137.038677336801,南西地区,折戸区,ｽｶｲｶﾞｰﾃﾞﾝ前田（藤塚7-175）
A24-15,35.1202046763983,137.034450641106,南西地区,折戸区,東洋国際石油㈱親和寮（藤塚3-482）
A24-16,35.1196383404114,137.038268945326,南西地区,折戸区,ｸﾞﾘｰﾝﾋﾙｽﾞ（藤塚2-165）
A24-17,35.1170682120287,137.034669863453,南西地区,折戸区,ﾘﾓｰﾈ（藤塚5-3）
A24-18,35.1113529015173,137.037524224984,南西地区,折戸区,ﾄﾞﾐｰﾙ藤塚（藤塚7-47）
A24-19,35.1175221621348,137.035063433217,南西地区,折戸区,ｳﾞｪﾙﾃﾞ藤塚（藤塚4-29-1）
A24-20,35.1254857636754,137.036454844664,南西地区,折戸区,ﾚｵﾊﾟﾚｽｴｸﾚｰﾙ藤塚（藤塚1-109）
A24-21,35.1101359207865,137.038785954332,南西地区,折戸区,ﾌｨｰﾙﾄﾞﾌｫｯｸｽⅢ（藤塚7-160）
A24-22,35.125653654376,137.035405414991,南西地区,野方区,ﾗｳﾞｨｰﾆｭ（藤塚1-62）
A24-23,35.1229324659233,137.035351410379,南西地区,折戸区,ｻﾆｰﾕﾆｿﾞﾝｶｰｻ（藤塚3-94）
A24-24,35.1164725190774,137.035990742363,南西地区,折戸区,ｳｲﾝｸﾞﾄﾞﾌｯﾄｺｰﾄ（藤塚5-106）
A24-25,35.1186252214421,137.036518643313,南西地区,折戸区,ﾚｰｼﾞｭ藤塚（藤塚4-62-1）
A24-26,35.1167471776026,137.034728637317,南西地区,折戸区,ｶｰｻ和合（藤塚5-18-32）
A24-27,35.1242430659054,137.036079604453,南西地区,折戸区,ｴｱﾘｰﾋﾙ（藤塚1-131）
A24-28,35.1235161262104,137.035905981989,南西地区,折戸区,ｼｬﾙﾙｰ日進（藤塚2-6）
A24-29,35.1165275039,137.03482158656,南西地区,折戸区,ｻﾆｰ和合（藤塚5-18-23）
A24-3,35.1214258616187,137.035765155034,南西地区,折戸区,ﾁｪﾘｰｴﾑｰﾙ（藤塚3-137）
A24-30,35.1225978788192,137.035965599986,南西地区,折戸区,ﾌｨｰﾙﾄﾞﾌｫｯｸｽ（藤塚3-239）
A24-31,35.1242867503569,137.034797344014,南西地区,野方区,ｻﾝﾊｲﾂ88（藤塚1-33）
A24-32,35.1228933236115,137.035666913514,南西地区,折戸区,ﾊｯﾋﾟｰﾋﾙｽﾞ（藤塚3-227）
A24-33,35.1171165943219,137.037744974279,南西地区,折戸区,ｱｳﾛｰﾗ（藤塚5-124）
A24-34,35.1236497591083,137.038302259282,南西地区,折戸区,ｿﾚｲﾕ（藤塚1-219）
A24-35,35.1212310261584,137.038009381293,南西地区,折戸区,ｶｰｻSK（藤塚2-128-3）
A24-36,35.1165963011214,137.035918465296,南西地区,折戸区,ﾏﾉﾜｰﾙ（藤塚5-13）
A24-37,35.113506658745,137.036511204521,南西地区,折戸区,フルル和合（藤塚6-263）
A24-38,35.1121606002586,137.035336989099,南西地区,折戸区,セジュール華（藤塚6-361）
A24-39,35.1107788242101,137.039456875567,南西地区,折戸区,ベルメゾン藤塚（藤塚7-153）
A24-4,35.1230984252864,137.035186566061,南西地区,折戸区,ﾌﾚｸﾞﾗﾝｽ藤塚（藤塚3-88）
A24-40,35.1238705576155,137.035469938131,南西地区,折戸区,ｻﾆｰﾋﾙｽﾞ（藤塚1-168）
A24-41,35.1215714603617,137.035444439927,南西地区,折戸区,カトルセゾン（藤塚3-125）
A24-42,35.1221358046445,137.035809113113,南西地区,折戸区,サニーヒルズ（藤塚3-153.154.155）
A24-43,35.1182898971374,137.034534592644,南西地区,折戸区,"シュティルメゾン（藤塚3-508,511）"
A24-44,35.114168758757,137.037166526696,南西地区,折戸区,リストレジデンス和合（藤塚6-234）
A24-45,35.110881701107,137.039562578389,南西地区,折戸区,日進市藤塚7丁目152
A24-5,35.1184461558331,137.035065348397,南西地区,折戸区,ｱﾑｰﾙﾋﾙｽﾞ（藤塚3-511-2）
A24-6,35.1169818555344,137.035503034138,南西地区,折戸区,ﾊｲﾂｸﾞﾘｰﾝ（藤塚5-7）
A24-7,35.1168292389889,137.037687170809,南西地区,折戸区,ﾀｳﾝ･ﾌｼﾞﾂｶ（藤塚5-126）
A24-8,35.1142259683192,137.035959991025,南西地区,折戸区,ｱｽﾊﾟｲｱ和合（藤塚6-193）
A24-9,35.1149366393022,137.036764439776,南西地区,折戸区,ﾚｵﾊﾟﾚｽｻﾝ･ﾊﾞﾚｲ（藤塚6-201）
A25-1,35.1176897624251,137.015452693772,南西地区,赤池区,ｸﾚｽﾄｱｲ（赤池南1-135）
A25-10,35.1151123368975,137.017795550821,南西地区,赤池区,ｸﾞﾗﾝﾄﾞｺｰﾄ赤池（赤池南2-906）
A25-11,35.1149269010138,137.018231317827,南西地区,赤池区,ﾗﾌｨﾈ（赤池南2-701）
A25-12,35.1134501920822,137.017688758642,南西地区,赤池区,ﾌﾟﾁﾒｿﾞﾝ赤池（赤池南2-1904）
A25-13,35.1167767975845,137.015187017049,南西地区,赤池区,Droom赤池南（赤池1-201）
A25-14,35.1147653417809,137.019770257779,南西地区,赤池区,ｼｬｰﾒｿﾞﾝ赤池・ｼｬｰﾒｿﾞﾝ赤池南（赤池南2-511）
A25-15,35.1158280745151,137.018442957469,南西地区,赤池区,Tステージ赤池ｻﾞ･ﾚｼﾞﾃﾞﾝｽ（赤池南2-901）
A25-16,35.1156855413807,137.019765205212,南西地区,赤池区,サ高住まほろ（赤池南２丁目１１１番地）
A25-2,35.1153461684523,137.015532393416,南西地区,赤池区,ﾘｭﾐｴｰﾙﾊﾟﾚA･B棟（赤池南1-508）
A25-3,35.1134355373058,137.017280899663,南西地区,赤池区,ｼｭﾃﾙﾝ（赤池南2-1901）
A25-5,35.1151094817741,137.020113135584,南西地区,赤池区,ﾌﾚｸﾞﾗﾝｽ赤池（赤池南2-505）
A25-6,35.1154597354857,137.018586903692,南西地区,赤池区,ﾌﾟﾘｼｪｰﾙ赤池（赤池南2-801、815）
A25-7,35.1157204145241,137.015212888781,南西地区,赤池区,ﾘｭﾐｴｰﾙﾊﾟﾚC棟（赤池南1-510、511、512）
A25-8,35.1151210158252,137.020407900128,南西地区,赤池区,ﾚｵﾊﾟﾚｽ赤池（赤池南2-405）
A25-9,35.1141799534834,137.020231308454,南西地区,赤池区,ｶﾙﾃｨｱ赤池（赤池南2-1201、1202）
A26-1,35.1185489056326,137.028568335678,南西地区,浅田区,ｻﾝｼｬｲﾝ加藤（浅田平子2-36）
A26-10,35.115607744523,137.030897694586,南西地区,浅田区,ﾎﾞｰﾈﾝ赤池（浅田平子3-126）
A26-11,35.1154821056132,137.031888570111,南西地区,浅田区,ｸﾞﾛｰﾘｱｽﾋﾙｽﾞ和合（浅田平子3-196）
A26-12,35.1154887278498,137.032821080933,南西地区,浅田区,集合住宅和合（浅田平子3-250）
A26-13,35.1155059739605,137.033091922923,南西地区,浅田区,ｻﾝｼﾃｨﾆｯｼﾝ（浅田平子3-253）
A26-14,35.1149575767906,137.033956766291,南西地区,浅田区,ｸﾞﾘｰﾝﾊｲﾂﾍﾞﾙ（浅田平子3-262）
A26-15,35.1176450439574,137.028909307769,南西地区,浅田区,ｵｵﾐﾊｲﾂ（浅田平子2-259）
A26-16,35.1232441070713,137.026738310889,南西地区,浅田区,ﾚｵﾊﾟﾚｽｵｰｻﾑ（浅田平子1-72）
A26-17,35.1176189413059,137.030781245742,南西地区,浅田区,ｶﾞｰﾃﾞﾝﾊｲﾂﾍﾞﾙ（浅田平子2-300）
A26-18,35.1150337112445,137.031474503208,南西地区,浅田区,ｸｵﾘﾃｨﾊｲﾂ平子（浅田平子3-307）
A26-19,35.1230316806688,137.027404775452,南西地区,浅田区,ﾚｵﾊﾟﾚｽｵｰｻﾑⅢ（浅田平子1-77）
A26-2,35.1176830237726,137.030129673181,南西地区,浅田区,赤池ｻﾝﾊｲﾂA棟（浅田平子2-298）
A26-20,35.1183399887039,137.030677138376,南西地区,浅田区,ﾍﾞﾙ　ﾘｭﾐｴｰﾙⅠ・Ⅱ・Ⅲ（浅田平子2-87.88.89）
A26-21,35.1164593006884,137.032717463589,南西地区,浅田区,ｱﾙ・ｶﾝ・ｼｴﾙ・ｺﾘｰﾇⅠⅡ（日進市浅田平子3-149）
A26-3,35.1173420992654,137.03005487057,南西地区,浅田区,ﾗ　ｷｬｯｽﾙ和合（浅田平子2-286）
A26-4,35.1172830089706,137.030174992868,南西地区,浅田区,赤池ｻﾝﾊｲﾂB棟（浅田平子2-298）
A26-5,35.1169857008079,137.031293109,南西地区,浅田区,ｸﾞﾛｰﾘｱｽ和合第2（浅田平子3-112）
A26-6,35.1163456418295,137.030786760895,南西地区,浅田区,ｷﾝｸﾞｽｺｰﾄ赤池（浅田平子3-120）
A26-7,35.1164984055585,137.031321342489,南西地区,浅田区,ｻﾆｰﾊｲﾂKITO（浅田平子3-114）
A26-8,35.1165014601406,137.031554470751,南西地区,浅田区,ｱﾋﾞｰﾛｰﾄﾞ（浅田平子3-111）
A26-9,35.1156018864217,137.030657661913,南西地区,浅田区,ﾗ･ﾌｫｰﾚ若竹（浅田平子3-125）
A27-1,35.1170861496147,137.025159792656,南西地区,赤池区,Tステージ赤池マークス（赤池町箕ノ手2-216）
A27-10,35.116004186507,137.026291447919,南西地区,赤池区,プライムスペース赤池（日進市赤池町箕ノ手2番604）
A27-11,35.115604967935,137.024773875559,南西地区,赤池区,ルーラルヴィラⅠ（日進市赤池町箕ノ手2番642）
A27-12,35.1153548043696,137.024688627125,南西地区,赤池区,ルーラルヴィラⅡ（日進市赤池町箕ノ手2番642）
A27-2,35.1173466986728,137.023877260368,南西地区,赤池区,バンベール赤池ヒルズ（日進市赤池町箕ノ手2-32）
A27-3,35.1169467808401,137.023315253592,南西地区,赤池区,バンベール赤池ラ･コリーヌ（日進市赤池町箕ノ手2番188）
A27-4,35.1169143283894,137.024693930522,南西地区,赤池区,ソフィアシティ（日進市赤池町箕ノ手2番2395）
A27-5,35.1168404407159,137.025338167513,南西地区,赤池区,ブルーベル（日進市赤池町箕ノ手2番223）
A27-6,35.1167776197893,137.025734329659,南西地区,赤池区,サニーヒル　A棟（日進市赤池町箕ノ手2-224、2-608）
A27-7,35.1170965191229,137.025626264124,南西地区,赤池区,サニーヒル　B棟（日進市赤池町箕ノ手2-224、2-608）
A27-8,35.1164155567922,137.025391452164,南西地区,赤池区,リヴシャルム（日進市赤池町箕ノ手2-2400）
A27-9,35.1177408350945,137.025278794665,南西地区,赤池区,Tステージ赤池アヴァンティ（日進市赤池町箕ノ手2番2403）
A3-1,35.1374054154023,137.015278086761,北西地区,梅森区,ﾊﾟｰｸﾊｳｽ梅森（梅森町北田面730-1）
A3-10,35.1360664379163,137.02710110986,北西地区,梅森区,MG Hills(ｴﾑｼﾞｰﾋﾙｽﾞ)（日進市梅森町株山3番4、3番5）
A3-11,35.1372855269382,137.018638585195,北西地区,梅森区,ﾍﾞﾘｱｽﾋﾞｴﾝﾄ（日進市梅森町新田135-499、500、501）
A3-12,35.1342356732452,137.017413663031,北西地区,梅森区,日進市梅森町北田面683-1
A3-13,35.13542822456,137.016045284007,北西地区,梅森区,日進市梅森町北田面775-1、776-1、780
A3-14,35.1365246660534,137.028613815649,北西地区,梅森区,プラム香久山（梅森町株山110-180）
A3-2,35.1349776875556,137.017950337412,北西地区,梅森区,ﾆｰﾙｽﾔｰﾄﾞ（梅森町北田面696-1）
A3-3,35.130322212194,137.019937093561,北西地区,梅森区,ﾕﾝﾃｯｸ（梅森町向江1581）
A3-4,35.1346808581587,137.017086720703,北西地区,梅森区,ｸﾞﾚｰｽﾕｱｻ（梅森町北田面677-1）
A3-5,35.1341248262314,137.018541595548,北西地区,梅森区,ﾌﾟﾗﾑﾌｫﾚｽﾄ（梅森町上松624-1）
A3-6,35.1366951924184,137.029302785092,北西地区,梅森区,ﾐｰﾙ株山（梅森町株山110-173）
A3-7,35.138042221681,137.022389070797,北西地区,梅森区,ﾚｼﾞﾃﾞﾝｽXYZ（梅森町神田134-63）
A3-8,35.1379521844109,137.022479763955,北西地区,梅森区,ﾒﾙｳﾞｪｰﾙ（梅森町134-61）
A3-9,35.1346939424874,137.020645595471,北西地区,梅森区,ﾌﾞﾗﾝｼｭ　ﾈｰｼﾞｭ（日進市梅森町上松310-2他）
A4-1,35.129471095114,137.034791071875,北西地区,野方区,プランドールミキ（野方町東島394-3）
A4-2,35.1308085744747,137.028869695439,北西地区,野方区,ｱﾙﾍﾟｰｼﾞｭ（野方町西島135-2）
A6-10,35.1126920559027,137.048247063584,南西地区,折戸区,ﾌﾟﾃｨｱﾙｶﾝｼｴﾙ（折戸町枯木21-106）
A6-11,35.113613063274,137.039773031533,南西地区,折戸区,ｻﾌｨﾆｱｶﾞｰﾃﾞﾝ（折戸町高松52-13）
A6-12,35.1219970352912,137.044498277046,南西地区,折戸区,ﾌﾟﾗﾈｯﾄ（折戸町寺脇143-1）
A6-13,35.1297205342808,137.041426551909,南西地区,折戸区,スカイコートM（折戸町笠寺山43-1）
A6-14,35.1239093277077,137.047891028524,南東地区,折戸区,キリックスグループ社員寮（折戸町寺脇33-1）
A6-15,35.1231413778349,137.039708772953,南西地区,折戸区,マノワールⅡ（折戸町鎌ヶ寿55）
A6-16,35.1216862824654,137.043941709,南西地区,折戸区,アルビレオ（日進市折戸町前田38-3）
A6-2,35.1218635661711,137.040746045199,南西地区,折戸区,ﾚｵﾊﾟﾚｽｽﾀｰﾌｨｰﾙﾄﾞ（折戸町鎌ヶ寿70）
A6-3,35.1228310622152,137.044767926254,南西地区,折戸区,ﾗｲﾌｽﾃｰｼﾞﾆｯｼﾝ（折戸町中屋敷2）
A6-5,35.124019090094,137.048223978793,南東地区,折戸区,ｸﾞﾛｰﾘｱｽﾋﾙｽﾞ日進（折戸町寺脇33-1）
A6-6,35.1130325169689,137.04785920207,南西地区,折戸区,ｴｽﾎﾟｱ日進（折戸町枯木21-29）
A6-7,35.1127936302157,137.048411473906,南西地区,折戸区,ﾊﾅﾔｼｷ（折戸町枯木21-105）
A6-8,35.1141486222642,137.040121836337,南西地区,折戸区,ﾌﾘｰｼﾞｱｶﾞｰﾃﾞﾝ（折戸町高松52-649）
A6-9,35.1223184075228,137.05804243763,南東地区,折戸区,ｷｬｯｽﾙﾆｭｰｺｰﾄ日進梨子ノ木（折戸町梨子ノ木28-131）
A6-9,35.1213329012779,137.058506529296,南東地区,折戸区,ｷｬｯｽﾙﾆｭｰｺｰﾄ日進梨子ノ木（折戸町梨子ノ木28-131）
A7-1,35.1306511971983,137.053625322812,南東地区,藤枝区,ｴﾙｼｴﾛ日進天空の館（藤枝町前田5-1）
A7-10,35.1207261484166,137.060771310597,南東地区,藤枝区,ミヤ電子株式会社　研修センター（日進市藤枝町奥廻間1194-1）
A7-2,35.1319306648786,137.054244190394,北東地区,藤枝区,ｻﾝｼｬｲﾝるみ（藤枝町小六田238-3）
A7-3,35.1226979834487,137.063585991483,南東地区,藤枝区,ｵｰﾀﾑ（日進市米野木台１丁目803番地）
A7-4,35.1229207243454,137.063894348855,南東地区,藤枝区,ｴｽﾃｰﾄﾊﾟﾚｽ（日進市米野木台１丁目824番地）
A7-5,35.1315019734316,137.047860033388,南東地区,藤枝区,ｸﾞﾗﾝﾒｰﾙｽｽﾞｷ（藤枝町小山622）
A7-6,35.120927643869,137.060588263365,南東地区,藤枝区,ｽﾌﾟﾘﾝｸﾞｺｰﾄ（藤枝町奥廻間1192-149、150）
A7-7,35.1231718879759,137.064235478229,南東地区,藤枝区,ﾌｧﾐｰﾙAoeB（日進市米野木台１丁目819番地）
A7-8,35.1231940479951,137.063578893117,南東地区,藤枝区,レガメ（日進市米野木台１丁目805番地）
A7-9,35.1310338928797,137.051169820027,南東地区,藤枝区,日進市藤枝町向イ山885-1
A8-1,35.1365179550988,137.065144503492,北東地区,米野木区,ﾆｭｰﾛｲﾔﾙｽｽﾞｷ、ﾛｲﾔﾙｽｽﾞｷⅢ番館（米野木町小廻間37）
A8-10,35.1257965002392,137.063417613902,南東地区,米野木区,ｼｬﾓﾆｰ（日進市米野木台2-1608）
A8-11,35.1254585922988,137.063579112017,南東地区,米野木区,ﾙﾐｴｰﾙ南山（日進市米野木台2-1708）
A8-12,35.1287062976429,137.063304215223,南東地区,米野木区,ｸﾗｽﾜﾝﾆｯｼﾝ（日進市米野木台3-1504）
A8-13,35.1258256534387,137.064631325648,南東地区,米野木区,ｴｺｰﾊｲﾂ南山（日進市米野木台2-2301）
A8-14,35.1279043963234,137.063553646127,南東地区,米野木区,レオパレスyou（日進市米野木台2-226）
A8-15,35.1253001294193,137.062749596678,南東地区,米野木区,ｳﾞｪﾙﾃﾞｭｰﾙ（日進市米野木台2-1601）
A8-16,35.1261508339172,137.062751917532,南東地区,米野木区,ﾍﾟﾆｰﾚｲﾝ（日進市米野木台2-1401）
A8-17,35.1287454912829,137.062964672663,南東地区,米野木区,ﾗﾏｰｼﾞｭ（日進市米野木台3-1327）
A8-18,35.1249873739899,137.062701936031,南東地区,米野木区,ﾚｵﾊﾟﾚｽﾊﾅﾌﾞｻ（日進市米野木台2-1714）
A8-19,35.1257139992855,137.062553655773,南東地区,米野木区,ｱﾙﾃｰﾙ（日進市米野木台2-1404）
A8-2,35.1324765608369,137.063014917743,北東地区,米野木区,ﾆｭｰｱﾛｰﾝ（米野木町仲田75）
A8-20,35.1244683571236,137.065953065991,南東地区,米野木区,ﾚｰｳﾞ日進（日進市米野木台1-501）
A8-21,35.1261658788514,137.063903987786,南東地区,米野木区,ﾍﾞﾙｳｯﾄﾞ（日進市米野木台2-1008）
A8-21,35.1262507050962,137.064222736017,南東地区,米野木区,ﾍﾞﾙｳｯﾄﾞ（日進市米野木台2-1007）
A8-22,35.1270221024144,137.063717807975,南東地区,米野木区,ｲﾏｼﾞﾝ（日進市米野木台2-1002）
A8-23,35.1260056926078,137.064332765402,南東地区,米野木区,ｶｻ　ｿﾚｶﾞﾝﾃ（日進市米野木台2-2001）
A8-24,35.1322722510782,137.058128855929,北東地区,米野木区,ｸﾘｽﾀﾙｶﾞｰﾃﾞﾝ（米野木町家下104）
A8-25,35.132503999102,137.07049186418,南東地区,米野木区,ｶﾄﾙ･ｾｿﾞﾝ（米野木町仲大原23-1）
A8-26,35.1255741384497,137.063661257928,南東地区,米野木区,"""ﾚｵﾊﾟﾚｽｼｪﾙﾊﾟ日進（日進市米野木台2-1916）"
A8-27,35.1326540240952,137.069841638324,南東地区,米野木区,ﾋﾟｭｱｱｲﾘｽ（米野木町油田甲32-1）
A8-28,35.1278505191118,137.067808851816,南東地区,米野木区,和・加・菜（日進市米野木台5-521）
A8-29,35.127435093147,137.068096832026,南東地区,米野木区,"ﾌﾟﾘｵｰﾚ日進（日進市米野木台5-702,705,708）"
A8-3,35.1326527197742,137.064198587638,北東地区,米野木区,ﾒｿﾞﾝ･ﾌﾟﾛﾊﾞﾝｽ（米野木町東田面43-2）
A8-30,35.1272035802288,137.067080516323,南東地区,米野木区,ｶｰｻﾋﾟｯｺﾛ（日進市米野木台5-902）
A8-31,35.1367568699863,137.065180200639,北東地区,米野木区,ﾙｿﾚｲﾕﾙｳﾞｧﾝ　米野木町小廻間40-1
A8-32,35.1275952236249,137.064328911754,南東地区,米野木区,ｶﾄﾙｾﾌﾞﾝ（日進市米野木台2-704）
A8-33,35.1281900317921,137.067950206901,南東地区,米野木区,ゆうわ（日進市米野木台5-513）
A8-34,35.1263776390595,137.068370438815,南東地区,米野木区,ｲﾝﾃｸﾞﾗﾙ（日進市米野木台5-1304）
A8-35,35.1286622602336,137.068229438729,南東地区,米野木区,ベルガーデン（日進市米野木台5-319）
A8-36,35.1257949800085,137.067425222885,南東地区,米野木区,GRANANEWDJ（日進市米野木台5-1026）
A8-37,35.1289325883203,137.067433596217,南東地区,米野木区,レオパレスなごみ（日進市米野木台5-111）
A8-38,35.1260611519859,137.067832848862,南東地区,米野木区,ﾌﾟﾗﾝﾄﾞｰﾙ（日進市米野木台5-1208）
A8-39,35.1259832025968,137.068419739265,南東地区,米野木区,ｳﾞｪﾙｺﾘｰﾇ（日進市米野木台5-1307）
A8-4,35.1333643516572,137.08730362256,南東地区,三本木区,ｼﾙﾊﾞｰﾎｰﾑまきば（米野木町南山987-88）
A8-40,35.1256756916435,137.066298960063,南東地区,米野木区,ｾﾙﾌｨｰﾕ（日進市米野木台2-2413）
A8-41,35.1299969735889,137.067811853954,南東地区,米野木区,アップヒルズN・K（日進市米野木台4-701）
A8-42,35.1277170420098,137.066853419119,南東地区,米野木区,アメニティハウス（日進市米野木台5-528）
A8-43,35.1282496835697,137.068252648389,南東地区,米野木区,D-room米野木（ミシル）（日進市米野木台5-516）
A8-44,35.1237932643967,137.064560348137,南東地区,米野木区,ラヴァンドA～E（日進市米野木台1-814）
A8-45,35.1298954687063,137.067699944534,南東地区,米野木区,へーベルメゾンT（日進市米野木台4-806）
A8-46,35.129768658306,137.068840058352,南東地区,米野木区,KI・ZU・NA（日進市米野木台6-317）
A8-47,35.1254028327639,137.064264943363,南東地区,米野木区,プレリー南山（日進市米野木台2-2011）
A8-48,35.12614107916,137.068570418481,南東地区,米野木区,サザンクロス（日進市米野木台5-1305）
A8-49,35.128136245927,137.064506538788,南東地区,米野木区,サニーヒルズ（日進市米野木台2-311）
A8-5,35.133698125142,137.070228198385,北東地区,米野木区,ﾆｭｰﾎﾞｽﾄﾝ（米野木町下五反田80）
A8-50,35.1252366926503,137.064155868644,南東地区,米野木区,マジョラムA～D（日進市米野木台3-1909）
A8-51,35.1280735401846,137.064762825804,南東地区,米野木区,サライ（日進市米野木台2-621）
A8-52,35.1299298264978,137.069385432486,南東地区,米野木区,PrimiereⅡ（日進市米野木台6-314）
A8-53,35.1297046237474,137.067912169051,南東地区,米野木区,Green　Apple（日進市米野木台4-721）
A8-54,35.1245981740325,137.066179259988,南東地区,米野木区,Tステージ日進米野木（日進市米野木台1-601）
A8-55,35.1292256110322,137.067494907278,南東地区,米野木区,シエルブル／ヴィエント（日進市米野木台4-716）
A8-56,35.1261135920622,137.065292704308,南東地区,米野木区,アルシオーネ（日進市米野木台2-2114）
A8-57,35.1256837685928,137.065280728576,南東地区,米野木区,ヒルズ・ヒスイ（日進市米野木台2-2306）
A8-58,35.1277529142456,137.066737176651,南東地区,米野木区,アスピリア　フェリキタス（日進市米野木台5-412）
A8-59,35.1257524271492,137.068082839931,南東地区,米野木区,ＣＮ　stage 輝（日進市米野木台5-1310）
A8-6,35.1340271254702,137.088451778062,南東地区,三本木区,ｸﾞﾙｰﾌﾟﾎｰﾑあいわ（米野木町南山987-58）
A8-60,35.1280711268519,137.066627062586,南東地区,米野木区,ルコネッサンス（日進市米野木台5-406）
A8-61,35.1256312445669,137.066401385294,南東地区,米野木区,グランドシエル（日進市米野木台2-2210）
A8-62,35.1270466036366,137.068364697459,南東地区,米野木区,ﾃﾞｨｱｺｰﾄK（日進市米野木台5-706）
A8-63,35.1291262500805,137.062736287479,南東地区,米野木区,ｖａｎｉｌｌｅ（ヴァニーユ）（日進市米野木台3-1408）
A8-64,35.1277278727638,137.064596364828,南東地区,米野木区,ウッドベルフィオ－レⅡ（日進市米野木台2-622）
A8-65,35.1284909462598,137.06469471468,南東地区,米野木区,ファインヒルズ（日進市米野木台2-310）
A8-66,35.1278214742897,137.065061921022,南東地区,米野木区,グランリーオ（日進市米野木台2-612）
A8-67,35.1296086993803,137.065603949156,南東地区,米野木区,シンフォニア（日進市米野木台3-906）
A8-68,35.1260000287327,137.067496074385,南東地区,米野木区,ＥＳＣＯＦＦＩＥＲ（日進市米野木台5-1211）
A8-69,35.1370477168251,137.077001850189,南東地区,三本木区,経理ハウス（日進市米野木町追頃９番３）
A8-7,35.1327690641713,137.085987420036,南東地区,三本木区,特別養護老人ﾎｰﾑのぞみ（米野木町南山987-104）
A8-70,35.1300427497238,137.065929195326,南東地区,米野木区,シームリーヴィラ（日進市米野木台4-101）
A8-71,35.128763164728,137.062235519132,南東地区,米野木区,アーマンド（日進市米野木台3-1421）
A8-72,35.1298971193951,137.061524022888,南東地区,米野木区,ヴェリエーロ（日進市米野木台3-301）
A8-73,35.1294149321156,137.064368551041,南東地区,米野木区,ラ・エスパシオ米野木（日進市米野木台3-1104）
A8-74,35.1290620830254,137.064880099184,南東地区,米野木区,ヴェリテＫｅｉ（日進市米野木台3-1010）
A8-75,35.1312290948227,137.069501627132,南東地区,米野木区,リーブル洒落A・B（日進市米野木台４丁目４０１）
A8-76,35.1285646565112,137.065089965632,南東地区,米野木区,リッツハウス（日進市米野木台２丁目４０１）
A8-77,35.1287080397942,137.065044580394,南東地区,米野木区,ルポ（日進市米野台３丁目１６０１）
A8-78,35.1285724434259,137.064167160085,南東地区,米野木区,ヴィラージュ（日進市米野台３丁目１５１０）
A8-79,35.1298753483826,137.066036056879,南東地区,米野木区,ヴィラージュ（日進市米野木台４丁目１０３）
A8-8,35.1347727525274,137.063449189341,北東地区,米野木区,ﾌﾟﾘﾒｿﾞﾝﾌｰｶﾞ（米野木町番城田1-1）
A8-80,35.1309252463976,137.06775762319,南東地区,米野木区,rivage(リヴァージュ)（日進市米野木台４丁目２０２）
A8-81,35.1294820442539,137.063146325058,南東地区,米野木区,カサソレ・フィナータ（米野木台三丁目1204）
A8-82,35.1265724690374,137.067076785911,南東地区,米野木区,ウッドベルフィオーレ（米野木台5丁目1013）
A8-83,35.126633061726,137.068978219167,南東地区,米野木区,Ｔステージ日進米野木ヒルズ（日進市米野木台6-1105）
A8-84,35.1267862806267,137.068385638305,南東地区,米野木区,SAVORY CREST（日進市米野木台5丁目1201）
A8-85,35.1252389265285,137.068710297954,南東地区,米野木区,湘南　BRISA（日進市米野木台6丁目1205-1）
A8-86,35.1328796776337,137.068855869815,南東地区,米野木区,ﾒｿﾞﾝ･ｼﾉﾉﾒ（米野木町下五反田59番地4）
A8-87,35.1309063779858,137.068945464172,南東地区,米野木区,リバーサイド米野木台（日進市米野木台四丁目210番1）
A8-88,35.1294823203462,137.067134800408,南東地区,米野木区,サニーフラット（日進市米野木台四丁目８１５番地）
A8-9,35.126246666912,137.06607431513,南東地区,米野木区,ﾋﾙｽﾞ･ｷﾄｳ（日進市米野木台2-2309）
A9-1,35.1382830985081,137.077900904687,南東地区,三本木区,ｻﾝｼｬｲﾝﾌｼﾞﾊﾟｰﾄⅡ･Ⅲ（三本木町下川田811）
A9-10,35.1408659765009,137.085271372758,南東地区,三本木区,三沢ﾊｲﾂ（三本木町福池515-1）
A9-11,35.1441925766,137.084961098628,南東地区,三本木区,ｾｱﾝ（三本木町細廻間38-1）
A9-12,35.1437317670066,137.082607169897,北東地区,三本木区,杉浦ﾊｲﾂ（三本木町上川田26）
A9-13,35.1432672327451,137.082974637332,北東地区,三本木区,第二、第三ｸﾞﾘｰﾝﾊｲﾂ（三本木町上川田19-2、19-1）
A9-14,35.1426560816097,137.08315359845,南東地区,三本木区,第四ｸﾞﾘｰﾝﾊｲﾂ（三本木町細廻間16-4）
A9-15,35.1403972217605,137.08367717965,南東地区,三本木区,ﾗ･ﾃｨﾌｧｰﾙ（三本木町一番割564-1）
A9-16,35.1414432682888,137.0810868342,北東地区,三本木区,ﾒｿﾞﾝ常夜灯（三本木町廻間79）
A9-17,35.1392390441611,137.079203033674,南東地区,三本木区,第二ﾋﾞｭｰﾊｲﾂ兄山（三本木町下川田47）
A9-18,35.141099574392,137.081001484758,南東地区,三本木区,ｱﾊﾟﾙﾄ24（三本木町一番割580-1）
A9-19,35.14156603682,137.079430347407,北東地区,三本木区,はざま荘（三本木町廻間118-4）
A9-2,35.1403297431784,137.079874035654,南東地区,三本木区,ｸﾚｾｰﾙ日進（三本木町一番割17）
A9-21,35.1411637527272,137.080106354123,北東地区,三本木区,ﾘﾊﾞｽﾄﾝﾋﾛ（三本木町廻間7-2）
A9-22,35.1409526457148,137.080377532219,北東地区,三本木区,ｶﾚｯｼﾞﾊｲﾂ石川（三本木町廻間109）
A9-3,35.140026289038,137.080978575823,南東地区,三本木区,ｶｰｻﾋﾟﾎﾞｯﾄ（三本木町一番割26）
A9-4,35.1414182491781,137.08152934529,北東地区,三本木区,ｻﾝｼｬｲﾝﾌｼﾞﾊﾟｰﾄⅠ･Ⅳ（三本木町一番割38-1、38-2）
A9-5,35.1418385350235,137.082214696949,南東地区,三本木区,ﾋﾞｭｰﾊｲﾂ兄山（三本木町細廻間1）
A9-7,35.1408560347954,137.083114283529,南東地区,三本木区,名古屋商科大学ﾗｸﾞﾋﾞｰ部合宿所（三本木町一番割50）
A9-8,35.1406057791566,137.083752360863,南東地区,三本木区,K･ﾌｫﾚｽﾄ（三本木町一番割563-2）
A9-9,35.1405974157044,137.083913580606,南東地区,三本木区,K･ﾌｫﾚｽﾄ（三本木町福池492-1）
G1-01,35.1261097783207,137.014429439725,北西地区,赤池区,西部福祉会館（赤池町下郷208）
G1-1,35.1310697477624,137.004620614866,北西地区,赤池区,赤池町北山１６－４
G1-1（住民管理）,35.1130810859861,137.016916447709,南西地区,赤池区,赤池町モチロ150-1
G1-10,35.1202659282984,137.021188432217,南西地区,赤池区,日進市赤池町箕ノ手２－１２１
G1-11,35.1178188497048,137.020000547081,南西地区,赤池区,日進市赤池町中島１０９－４９
G1-12,35.1157928230453,137.021493255809,南西地区,赤池区,日進市赤池町モチロ６１－１４１
G1-2(住民管理）,35.1094660734435,137.024329809003,南西地区,赤池区,赤池町箕ノ手2-2413
G1-20,35.1114269866892,137.019477966527,南西地区,赤池区,日進市赤池町モチロ６１－６４４
G1-21,35.1127016701189,137.028458952612,南西地区,赤池区,日進市赤池町箕ノ手（道路上）
G1-23,35.1139595373116,137.021346429229,南西地区,赤池区,日進市赤池町モチロ61-126
G1-24,35.1102840175903,137.021711678151,南西地区,赤池区,日進市赤池町箕ノ手２－１６６８
G1-25,35.1087307682255,137.023727740954,南西地区,赤池区,日進市赤池町箕ノ手（道路上）
G1-26,35.1089232507494,137.024589643933,南西地区,赤池区,日進市赤池町箕ノ手（道路上）
G1-28,35.1086851835069,137.02559951014,南西地区,赤池区,日進市赤池町箕ノ手２－１７７５
G1-29,35.1099381110329,137.020420890717,南西地区,赤池区,日進市赤池町モチロ６１－６４４
G1-3,35.1238375851886,137.011453354136,北西地区,赤池区,赤池町西組３８１
G1-30,35.1117740078419,137.019074840615,南西地区,赤池区,日進市赤池町モチロ６１－８０７
G1-32,35.1110882733803,137.021767518689,南西地区,赤池区,日進市赤池町箕ノ手2-478（道路上）
G1-33,35.1112588312032,137.023438318822,南西地区,赤池区,日進市赤池町箕ノ手（道路上）
G1-34,35.1103337988103,137.024546277142,南西地区,赤池区,日進市赤池町箕ノ手２－４７１
G1-36,35.1164626143593,137.026948371482,南西地区,赤池区,日進市赤池町箕ノ手２－１７０５
G1-4,35.1245335474869,137.012686060669,北西地区,赤池区,日進市赤池町屋下428
G1-42,35.1141680788629,137.020999934485,南西地区,赤池区,日進市赤池町モチロ６１－７７４(モチロ北公園敷地内）
G1-45,35.108979975014,137.024378373558,南西地区,赤池区,日進市赤池町箕ノ手（道路上）
G1-5,35.1229778485908,137.014064528603,北西地区,赤池区,日進市赤池町村東（歩道上）
G1-50,35.1170808284992,137.026866788503,南西地区,赤池区,日進市赤池町箕ノ手（１５３号線側道植栽帯）
G1-51,35.1155615254863,137.024549596943,南西地区,赤池区,日進市赤池町箕ノ手（道路上）
G1-52,35.1254518841528,137.010381821107,北西地区,赤池区,日進市赤池町屋下４５３番地（用悪水路上）
G1-53,35.1125835537198,137.024846471989,南西地区,赤池区,日進市赤池町箕ノ手２番地５１３
G1-54,35.1161454008084,137.020757907213,南西地区,赤池区,日進市赤池町モチロ６１－９２１
G1-55,35.1156502904846,137.02391170647,南西地区,赤池区,日進市赤池町箕ノ手２－２３４
G1-56,35.1170721744978,137.021122468707,南西地区,赤池区,日進市赤池町箕ノ手
G1-57,35.1136858957326,137.02334904968,南西地区,赤池区,日進市赤池町箕ノ手2-1844
G1-58,35.1118130667702,137.019615388992,南西地区,赤池区,日進市赤池町モチロ
G1-59,35.1252967313852,137.01426549252,北西地区,赤池区,日進市赤池町下郷
G1-6,35.1243599695656,137.016965259765,北西地区,赤池区,日進市赤池町下郷（上納池スポーツ公園内）
G1-60,35.123401616273,137.00878120664,北西地区,赤池区,日進市赤池町西組118-5
G1-61,35.1131890079473,137.021000031336,南西地区,赤池区,日進市赤池町モチロ61-119
G1-63,35.1101998447034,137.026016836748,南西地区,赤池区,日進市赤池町箕ノ手２－１９３５
G1-64,35.1103350096911,137.023125640387,南西地区,赤池区,日進市赤池町箕ノ手２－２０３７
G1-65,35.1113958479245,137.020938387966,南西地区,赤池区,日進市赤池町箕ノ手２－２００８
G1-66,35.110694743342,137.025241270875,南西地区,赤池区,日進市赤池町箕ノ手２－２０９７
G1-67,35.1103577885907,137.024325186871,南西地区,赤池区,日進市赤池町箕ノ手2-2111
G1-68,35.1101568284976,137.024996030532,南西地区,赤池区,日進市赤池町箕ノ手2-2204
G1-69,35.109941449919,137.023367782364,南西地区,赤池区,日進市赤池町箕ノ手2-2218
G1-7,35.1222966027445,137.014840734112,北西地区,赤池区,日進市赤池町村東（赤池中央歩道橋下）
G1-70,35.123418451383,137.014400654014,北西地区,赤池区,日進市赤池町村東171-1
G1-71,35.1096027951893,137.024074846632,南西地区,赤池区,日進市赤池町箕ノ手2-2301
G1-72,35.1084740783823,137.023460304127,南西地区,赤池区,日進市赤池町箕ノ手2-1908周辺（1年ごと持ち回り）
G1-73,35.1247672425948,137.017547132303,北西地区,赤池区,赤池町村東1-4
G1-74,35.1164078161933,137.020984209225,南西地区,赤池区,日進市赤池町箕ノ手2-2433
G1-75,35.1098543955152,137.021270015297,南西地区,赤池区,日進市赤池町モチロ61番994
G1-76,35.1157477962042,137.028236914596,南西地区,赤池区,日進市赤池町箕ノ手2-320
G1-77,35.1138696959975,137.027678833834,南西地区,赤池区,日進市赤池町箕ノ手2-303
G1-78,35.1324506980824,137.008798196576,北西地区,赤池区,日進市赤池町北山86-44
G1-79,35.1328261675635,137.008740082219,北西地区,赤池区,日進市赤池町北山86-43
G1-8,35.121950497511,137.010693741938,北西地区,赤池区,日進市赤池町西組１５６－１
G1-9,35.1187444781095,137.024246089558,南西地区,赤池区,日進市赤池町箕ノ手（１５３号線側道植栽帯）
G10-01,35.1401846127889,137.052962364965,北東地区,藤島区,藤島公会堂（藤島町芝干33-4）
G10-02,35.144150621213,137.058859148509,北東地区,藤島区,藤島台防火水槽横（藤島町長塚72-77）
G10-03,35.1403152830082,137.057226638695,北東地区,藤島区,サークルＫ日進藤島店（藤島町長塚15-5）
G10-1,35.1386426822133,137.047707217888,北東地区,藤島区,日進市藤島町寺下２５－１（道路上）
G10-10,35.1440998694492,137.058859105685,北東地区,藤島区,日進市藤島町長塚７２－７７
G10-11,35.144239621408,137.059805489645,北東地区,藤島区,日進市藤島町長塚７５－１０１２
G10-12,35.1410632545012,137.058573169144,北東地区,藤島区,日進市藤島町長塚（道路上）
G10-13,35.1403104197472,137.058436218957,北東地区,藤島区,日進市藤島町長塚（道路上）
G10-14,35.1405726567184,137.059761556666,北東地区,藤島区,日進市藤島町長塚（道路上）
G10-15,35.1478033018832,137.06533539659,北東地区,藤島区,日進市藤島町長塚７５－１２３３（道路上）
G10-16,35.1399933349914,137.055303303913,北東地区,藤島区,日進市藤島町瓶ノ側７７（道路上）
G10-17,35.1386580620507,137.054768605745,北東地区,藤島区,日進市藤島町東浦９９（水路上）
G10-18,35.141020417973,137.060387821676,北東地区,藤島区,日進市藤島町長塚７５－１００１（道路上）
G10-19,35.1368179013877,137.051754890467,北東地区,藤島区,日進市藤島町前田（道路上）
G10-2,35.1405809187955,137.050426112403,北東地区,藤島区,日進市藤島町五反田２１７（水路上）
G10-3,35.14158079884,137.051833358039,北東地区,藤島区,日進市藤島町五反田２１８（水路上）
G10-4,35.1439983296632,137.05425558437,北東地区,藤島区,日進市藤島町平子１６
G10-5,35.1402445927369,137.052997947603,北東地区,藤島区,日進市藤島町芝干８２－１（藤島公会堂敷地内）
G10-6,35.1367836305125,137.053076940587,北東地区,藤島区,日進市藤島町東浦１０４（水路上）
G10-8,35.1453731628604,137.059767132475,北東地区,藤島区,日進市藤島町大根１５６－３（道路上）
G10-9,35.1439929628332,137.057455915475,北東地区,藤島区,日進市藤島町長塚７２－１（道路上）
G11-01,35.1338726203111,137.042382334135,北西地区,本郷区,塚本新聞店（本郷町古郷1284-1）
G11-02,35.1389528658069,137.044977315113,北東地区,本郷区,日進消防署（本郷町宮下3）
G11-03,35.1356691117302,137.043073900711,北西地区,本郷区,本郷公民館（本郷町小橋353）
G11-04,35.1392376510446,137.041105363003,北西地区,本郷区,保健センター（岩崎町兼場101-1）
G11-1,35.1403310080944,137.045699889133,北東地区,本郷区,日進市本郷町宮下５２１－１（道路上）宮下５２１－２０（看板設置場所）
G11-10,35.1343123436837,137.040544723857,北西地区,本郷区,日進市本郷町西原１２４３－８（道路上）
G11-11,35.1347948589031,137.042962085773,北西地区,本郷区,日進市本郷町古郷７５－１０１２（道路上）
G11-12,35.1364702145258,137.042351062196,北西地区,本郷区,日進市本郷町古郷１３９６－３（防火水槽敷地内）
G11-13,35.133640654954,137.045566693504,北東地区,本郷区,本郷町前川47
G11-2,35.1394031982891,137.045393988193,北東地区,本郷区,日進市本郷町宮下５２２－２９
G11-3,35.1388736074034,137.042733034261,北西地区,本郷区,日進市本郷町鴻土７６１－５（道路上）
G11-4,35.1382151617078,137.048483474657,北東地区,本郷区,日進市本郷町宮下３８（水路上）
G11-5,35.1373878489486,137.042132386361,北西地区,本郷区,日進市本郷町御器街道７８６－１（道路上）
G11-7,35.1355091274024,137.038496863613,北西地区,本郷区,日進市本郷町福井原２１
G11-8,35.1346794065213,137.041405461452,北西地区,本郷区,日進市本郷町古郷１３５６－１（本郷楠広場敷地内）
G11-9,35.1346970450326,137.041725748603,北西地区,本郷区,日進市本郷町古郷１３５６－１（本郷楠広場敷地内）
G12-01,35.1535626862136,137.040311420196,北東地区,岩崎区,日進グリーンハイツ入口（岩崎町竹ノ山136-4）
G12-02,35.1567763250197,137.041150206115,北東地区,岩崎区,竹ノ山団地公園（岩崎町竹ノ山149-392）
G12-03,35.1496399573888,137.047084164452,北東地区,岩崎区,コープ岩崎（岩崎町元井ゲ7-3）
G12-04,35.1561395977138,137.037093685238,北東地区,岩崎区,アオキスーパー日進店（日進竹の山南部特定土地区画整理組合保留地31-6）
G12-05,35.1446440975843,137.044445787663,北東地区,岩崎区,岩崎郵便局（岩崎町大塚83-7）
G12-06,35.1434006555666,137.043309142573,北東地区,岩崎区,北部福祉会館（岩崎町大塚1034）
G12-07,35.1440284398689,137.042968638956,北東地区,岩崎区,岩崎公民館（岩崎町大塚45）
G12-09,35.1471951150963,137.035314203903,北西地区,岩崎区,岩根さんかく公園（岩崎町岩根34）
G12-1,35.1625917990587,137.041630195487,北東地区,岩崎区,日進市竹の山１－１０１３（道路上）
G12-1（住民管理）,35.1467479159262,137.030185080258,北西地区,岩崎区,日進市岩崎町石兼57-25
G12-10,35.1561630734222,137.037975154858,北東地区,岩崎区,カーマホームセンター日進竹の山店（岩崎町竹ノ山37-929）
G12-10,35.155020234142,137.042397049828,北東地区,岩崎区,日進市岩崎町竹ノ山149-393
G12-100,35.1399072585685,137.039385677831,北西地区,岩崎区,日進市岩崎町畦道1085
G12-101,35.1393664979176,137.036267695316,北西地区,岩崎区,日進市岩崎町畦道１０８５
G12-102,35.1364765228233,137.030521228455,北西地区,岩崎区,日進市岩崎町南高上210（野方北集会所前道路上）
G12-108,35.1377397156589,137.034087594898,北西地区,岩崎区,日進市岩崎町北高上49-1（水路上）
G12-109,35.1449367830473,137.036132820648,北西地区,岩崎区,日進市岩崎町神明12-109（道路上）
G12-11,35.1542295284689,137.040263082468,北東地区,岩崎区,日進市岩崎町竹ノ山134-2
G12-111,35.1602013315526,137.041363164679,北東地区,岩崎区,日進市岩崎町竹ノ山149-1000
G12-112,35.1471172956619,137.040552189546,北西地区,岩崎区,日進市岩崎町神明（道路上）
G12-113,35.1528206649927,137.039757847717,北東地区,岩崎区,日進市岩崎町竹ノ山149-122
G12-114,35.1463449156923,137.036613361802,北西地区,岩崎区,日進市岩崎町岩根1
G12-116,35.1511469033471,137.039205409021,北東地区,岩崎区,日進市岩崎町六坊12-116（竹の山集会所）
G12-117,35.1491719301747,137.045097210598,北東地区,岩崎区,日進市岩崎町小林（道路上）
G12-118,35.149330589804,137.04537135928,北東地区,岩崎区,日進市岩崎町小林（道路上）
G12-119,35.1568585473353,137.036629560907,北東地区,岩崎区,日進市岩崎町竹ノ山37-939（竹ノ山北公園敷地内）
G12-12,35.1536745568308,137.051339132878,北東地区,岩崎区,日進市岩崎町阿良池
G12-12,35.1475665762967,137.037553963951,北西地区,岩崎区,根裏駐車場横（日進竹の山南部特定土地区画整理組合92-1）
G12-121,35.1476460951031,137.039096177416,北西地区,岩崎区,日進市岩崎町根裏145-1
G12-122,35.1360177731606,137.028687536005,北西地区,岩崎区,日進市岩崎町南高上186-5（道路上）
G12-123,35.1380287613846,137.033795001938,北西地区,岩崎区,日進市岩崎町北高上79-2（道路上）
G12-124,35.1481829954389,137.042652741226,北東地区,岩崎区,日進市岩崎町六坊37（緑地内）
G12-125,35.1511171048691,137.03436465627,北東地区,岩崎区,日進市岩崎町野田（区画整理地内緑地予定地）
G12-126,35.1524688366569,137.033959107348,北東地区,岩崎区,日進市岩崎町野田（区画整理地内緑地予定地）
G12-127,35.1535509902341,137.029952774595,北東地区,岩崎区,日進市岩崎町芦廻間112-305（調整池敷地内）
G12-128,35.1576026130077,137.033895339279,北東地区,岩崎区,日進市岩崎町竹ノ山37-357（道路上）
G12-129,35.1584619928014,137.03767659282,北東地区,岩崎区,日進市岩崎町竹ノ山37-644（生産緑地内）
G12-13,35.1563137594077,137.039305686931,北東地区,岩崎区,名古屋外国語大学インターナショナルハウス（岩崎町竹ノ山37-39）
G12-13,35.1521653604355,137.03195498642,北東地区,岩崎区,日進市岩崎町芦廻間（道路上）
G12-130,35.1603308987147,137.038376161677,北東地区,岩崎区,日進市岩崎町竹ノ山（道路上）
G12-132,35.1434246420697,137.04129658559,北西地区,岩崎区,日進市岩崎町大廻間3-8（サン・キャッスル岩崎専用集積所内）
G12-134,35.1410219343434,137.03661261043,北西地区,岩崎区,日進市岩崎町南口（道路上）
G12-135,35.1416474606772,137.034703065732,北西地区,岩崎区,日進市岩崎町新ラ田93-26
G12-136,35.1558893213659,137.026924463004,北東地区,岩崎区,日進市岩崎町芦廻間112-1620
G12-138,35.15519309707,137.030295776977,北東地区,岩崎区,日進市岩崎町竹ノ山112-1564（緑地予定地）
G12-139,35.1518422715953,137.04516172741,北東地区,岩崎区,日進市岩崎町元井ゲ17-1（道路上）
G12-14,35.1553211377324,137.035637235257,北東地区,岩崎区,ｴｲﾃﾞﾝ日進竹の山店（岩崎町竹ノ山37-996）
G12-14,35.151643602579,137.030906350466,北東地区,岩崎区,日進市岩崎町芦廻間（芦廻間集会所横道路上）
G12-140,35.1494840598715,137.045414484401,北東地区,岩崎区,日進市岩崎町小林145-149（道路上）
G12-143,35.1491930782268,137.037736768843,北東地区,岩崎区,日進市岩崎町六坊22-4（緑地予定地）
G12-144,35.1436527094664,137.033603793703,北西地区,岩崎区,日進市岩崎町新ラ田103-3
G12-145,35.1433646654877,137.032269423943,北西地区,岩崎区,日進市岩崎町新ラ田88-2
G12-146,35.1439996097271,137.031748400412,北西地区,岩崎区,日進市岩崎町石兼56-454
G12-147,35.1580492646737,137.036706916811,北東地区,岩崎区,日進市岩崎町竹ノ山37-1054
G12-148,35.1562936254017,137.033491122699,北東地区,岩崎区,日進市岩崎町竹ノ山3-2（道路上）
G12-149,35.147577924501,137.037544507399,北西地区,岩崎区,日進市岩崎町根裏38-4（緑地予定地）
G12-15,35.1512031434266,137.032027913941,北東地区,岩崎区,日進市岩崎町芦廻間（道路上）
G12-150,35.1594106738125,137.035573159579,北東地区,岩崎区,日進市岩崎町竹ノ山37-677
G12-151,35.1449695231061,137.03489953021,北西地区,岩崎区,日進市岩崎町神明１（道路上）
G12-152,35.1476445173277,137.041909771601,北東地区,岩崎区,日進市岩崎町六坊46-1（菊水川BOX上）
G12-153,35.1414704833868,137.034186899433,北西地区,岩崎区,"日進市岩崎町新ラ田87-350,87-351"
G12-154,35.1502409177125,137.046409389047,北東地区,岩崎区,日進市岩崎町元井ゲ17-2（岩崎みたけちびっこ広場地内）
G12-155,35.1566996787527,137.036012173132,北東地区,岩崎区,日進市岩崎町竹ノ山24-2（竹ノ山北公園敷地内）
G12-156,35.1581186395659,137.038193911506,北東地区,岩崎区,日進市岩崎町竹ノ山（道路上）
G12-157,35.1491752774982,137.041391922474,北東地区,岩崎区,日進市岩崎町六坊28-18
G12-158,35.156737696765,137.038522629868,北東地区,岩崎区,日進市岩崎町竹ノ山（道路上）
G12-159,35.1367761051597,137.033879010766,北西地区,岩崎区,日進市岩崎町北高上73-2
G12-16,35.1508704253539,137.029701856319,北東地区,岩崎区,日進市岩崎町芦廻間（みゆき公園横道路上）
G12-160,35.1526279698241,137.036728928245,北東地区,岩崎区,日進市岩崎町竹ノ山37-911（緑地予定地）
G12-161,35.1532319359322,137.036555865787,北東地区,岩崎区,日進市岩崎町竹ノ山37-911（緑地予定地）
G12-162,35.1543395027828,137.03634654528,北東地区,岩崎区,日進市岩崎町竹ノ山37-911（緑地予定地）
G12-163,35.1456375896041,137.03162519299,北西地区,岩崎区,日進市岩崎町石兼33-4
G12-164,35.1416174275995,137.032717744767,北西地区,岩崎区,日進市岩崎町新ラ田87-301
G12-165,35.1487464195097,137.031783808877,北東地区,岩崎区,日進市岩崎町芦廻間（道路上）
G12-166,35.1443598360976,137.043877283217,北東地区,岩崎区,日進市岩崎町大塚75-9（環境課管理）
G12-167,35.1532167873653,137.037478634369,北東地区,岩崎区,日進竹の山南部特定土地区画整理組合地内46ブロック4-1、4-2、6、7、日進市岩崎町竹ノ山37-233、37-13、根
G12-168,35.1602909887857,137.036791385746,北東地区,岩崎区,日進竹の山南部特定土地区画整理組合２街区２－４（日進市岩崎町竹ノ山３７番地１１０１）
G12-169,35.1460788469927,137.033824502074,北西地区,岩崎区,日進市岩崎町根裏
G12-17,35.149849876512,137.031049266745,北東地区,岩崎区,日進市岩崎町芦廻間（道路上）
G12-170,35.1483335254756,137.030869483589,北西地区,岩崎区,日進市岩崎町石兼56-240
G12-172,35.1497960682437,137.044712141648,北東地区,岩崎区,日進市岩崎町元井ゲ（道路上）
G12-173,35.1552351278466,137.026758194963,北東地区,岩崎区,日進市岩崎町芦廻間112-1025
G12-174,35.1465706651662,137.041256092279,北東地区,岩崎区,日進市岩崎町市場
G12-175,35.1476921369312,137.041669672059,北東地区,岩崎区,日進市岩崎町六坊（道路上）
G12-176,35.1412644204048,137.034690734258,北西地区,岩崎区,日進市岩崎町北高上10-196
G12-177,35.1444763759681,137.031092092876,北西地区,岩崎区,日進市岩崎町石兼8-1
G12-178,35.1452795383282,137.039460723147,北西地区,岩崎区,日進市岩崎町神明109-2
G12-179,35.1542100033685,137.034056162054,北東地区,岩崎区,日進市岩崎町野田
G12-18,35.1495096041587,137.031071782116,北東地区,岩崎区,日進市岩崎町芦廻間（道路上）
G12-180,35.1547251359848,137.030760627704,北東地区,岩崎区,日進市岩崎町竹ノ山112-1564（緑地予定地）
G12-181,35.1470357519031,137.030909722954,北西地区,岩崎区,日進市岩崎町石兼
G12-182,35.1513790115789,137.037150842545,北東地区,岩崎区,竹の山南部土地区画整理道路
G12-183,35.1512669544063,137.037905595689,北東地区,岩崎区,竹の山南部土地区画整理50-2-37
G12-184,35.1486660190854,137.040581848065,北東地区,岩崎区,日進市岩崎町六坊
G12-185,35.1453489346277,137.030167770825,北西地区,岩崎区,日進市岩崎町石兼
G12-188,35.1516266710702,137.037941358551,北東地区,岩崎区,竹の山南部土地区画整理50-2-37
G12-189,35.1459863025161,137.030285126176,北西地区,岩崎区,日進市岩崎町石兼
G12-19,35.1497129123602,137.032476300572,北東地区,岩崎区,日進市岩崎町芦廻間（わんだ公園横道路上）
G12-190,35.1445616821395,137.031764154462,北西地区,岩崎区,日進市岩崎町石兼
G12-191,35.1463934456454,137.030407805833,北西地区,岩崎区,日進市岩崎町石兼
G12-192,35.1439713851428,137.030290682326,北西地区,岩崎区,日進市岩崎町石兼地内
G12-193,35.1449388867045,137.036580149934,北西地区,岩崎区,日進市岩崎町神明
G12-195,35.1467304370845,137.043664538416,北東地区,岩崎区,日進市岩崎町市場127-4
G12-196,35.1459752750289,137.037159843072,北西地区,岩崎区,日進市岩崎町神明12-32
G12-197,35.1428015417258,137.031147876984,北西地区,岩崎区,日進市岩崎町石兼56-773
G12-198,35.151061886192,137.03868244367,北東地区,岩崎区,日進市竹の山三丁目1942-9
G12-199,35.1524930125519,137.048610676847,北東地区,岩崎区,日進市岩崎町四ツ池48-103
G12-2,35.1612723887213,137.040625075909,北東地区,岩崎区,日進市竹の山１００５（惣池公園脇道路上）
G12-2（住民管理）,35.1439254061747,137.038631389872,北西地区,岩崎区,日進市岩崎町ケカチ132-3
G12-20,35.1496475988357,137.033576584568,北東地区,岩崎区,日進市岩崎町岩根（ロイヤル石神敷地内）
G12-200,35.1454901803026,137.036632500827,北西地区,岩崎区,日進市岩崎町神明14-2
G12-201,35.1474179544432,137.036065422589,北西地区,岩崎区,日進市岩崎町岩根2801
G12-202,35.1446503309822,137.035325535955,北西地区,岩崎区,日進市岩崎町西ノ平2-16
G12-203,35.1442736027249,137.034403058691,北西地区,岩崎区,日進市岩崎町新ラ田108-41
G12-204,35.1531073042763,137.038027492267,北東地区,岩崎区,日進市竹の山三丁目1510-8
G12-205,35.1477322760626,137.028889244881,北西地区,岩崎区,日進市岩崎町芦廻間99-2
G12-206,35.1525661411834,137.036907273845,北東地区,岩崎区,日進市竹の山三丁目1601-17
G12-207,35.1521433090875,137.03702714192,北東地区,岩崎区,日進市竹の山三丁目1701-21
G12-209,35.1374186758349,137.031770781163,北西地区,岩崎区,日進市岩崎町北高上３１－１４
G12-21,35.1481964931727,137.029897195973,北東地区,岩崎区,日進市岩崎町石兼４８‐２（道路上）
G12-210,35.1458916296967,137.040761177161,北西地区,岩崎区,日進市岩崎町神明173-27
G12-211,35.1484111466795,137.028246047961,北東地区,岩崎区,日進市岩崎町芦廻間94-19
G12-212,35.1367596743911,137.031897078079,北西地区,岩崎区,日進市岩崎町北高上28-10
G12-214,35.1429910239792,137.036574030587,北西地区,岩崎区,岩崎町西ノ平71-35
G12-215,35.1491106473572,137.037785519684,北東地区,岩崎区,日進市竹の山三丁目210-9
G12-216,35.1372856459874,137.031307688155,北西地区,岩崎区,日進市岩崎町北高上27番地15
G12-217,35.1438065033431,137.035428077755,北西地区,岩崎区,日進市岩崎町西ノ平40-2
G12-218,35.1488802597185,137.040982775482,北東地区,岩崎区,日進市竹の山五丁目1001番7
G12-219,35.1443118367889,137.033017768884,北西地区,岩崎区,岩崎町新ラ田131-2
G12-22,35.1479772868849,137.029521881571,北西地区,岩崎区,日進市岩崎町石兼（道路上）
G12-220,35.1427739287674,137.032092937265,北西地区,岩崎区,日進市岩崎町新ラ田87番349
G12-221,35.1481649177823,137.03335323816,北西地区,岩崎区,日進市岩崎町岩根151
G12-23,35.1484642483465,137.031283473021,北西地区,岩崎区,日進市岩崎町石兼（道路上）
G12-24,35.1488464147825,137.032536660512,北西地区,岩崎区,日進市岩崎町石兼289（道路上）
G12-26,35.1478051806868,137.028631644314,北東地区,岩崎区,日進市岩崎町石兼56-585（道路上）
G12-27,35.1470243694868,137.0291296946,北西地区,岩崎区,日進市岩崎町石兼67-2（道路上）
G12-3,35.1547481601753,137.034213015547,北東地区,岩崎区,日進市岩崎町野田37-749（緑地予定地）
G12-30,35.1478451103442,137.031264084572,北西地区,岩崎区,日進市岩崎町石兼５６‐６５２
G12-31,35.146074244158,137.031213898945,北西地区,岩崎区,日進市岩崎町石兼（道路上）
G12-32,35.14581224209,137.031905313482,北西地区,岩崎区,日進市岩崎町石兼56‐38
G12-34,35.1455639516356,137.032935276103,北西地区,岩崎区,日進市岩崎町石兼87‐215
G12-36,35.1475129157486,137.032552018723,北西地区,岩崎区,日進市岩崎町岩根（道路上）
G12-37,35.1477895137863,137.033071459072,北西地区,岩崎区,日進市岩崎町岩根（岩崎岩根ちびっこ広場敷地内）
G12-38,35.1488148211042,137.033806885546,北西地区,岩崎区,日進市岩崎町岩根293（道路上）
G12-41,35.148003629226,137.035400047891,北西地区,岩崎区,日進市岩崎町岩根７２番地
G12-42,35.1471480339631,137.034792852961,北西地区,岩崎区,日進市岩崎町岩根（岩根台公園敷地内）
G12-43,35.1461913727064,137.034011552089,北西地区,岩崎区,日進市岩崎町岩根（道路上）
G12-44,35.144902305209,137.035592477036,北西地区,岩崎区,日進市岩崎町神明(神明社運動公園敷地内）
G12-45,35.143900305279,137.035391930313,北西地区,岩崎区,日進市岩崎町西ノ平37-1
G12-46,35.1441653168295,137.033150363172,北西地区,岩崎区,日進市岩崎町新ラ田（道路上）
G12-48,35.1481236548684,137.038300606499,北西地区,岩崎区,日進市岩崎町根裏11-10（竹ノ山南公園敷地内）
G12-49,35.1476918927082,137.039614682494,北西地区,岩崎区,日進市岩崎町神明（道路上）
G12-5,35.1568099165277,137.041205804816,北東地区,岩崎区,日進市岩崎町竹ノ山149-392（竹ノ山団地公園敷地内）
G12-50,35.1466089998188,137.040669967408,北西地区,岩崎区,日進市岩崎町神明（道路上）
G12-51,35.1536731359613,137.032207692445,北東地区,岩崎区,日進市岩崎町野田18-235（緑地予定地）
G12-52,35.1460514819719,137.039576185666,北西地区,岩崎区,日進市岩崎町神明142-5
G12-53,35.1451570384946,137.04093614971,北西地区,岩崎区,日進市岩崎町神明222-1（道路用地）
G12-54,35.1440744733879,137.039627986555,北西地区,岩崎区,日進市岩崎町神明99-1
G12-55,35.1440654065786,137.038977860708,北西地区,岩崎区,日進市岩崎町ケカチ76-2（道路上）
G12-56,35.1451765937189,137.038010230656,北西地区,岩崎区,日進市岩崎町神明24-1
G12-57,35.1506216251334,137.033584876613,北東地区,岩崎区,日進市岩崎町野田（道路上）
G12-58,35.152431400236,137.052996147943,北東地区,岩崎区,日進市岩崎町阿良池60-6（道路上）
G12-59,35.1512642260413,137.045216147869,北東地区,岩崎区,日進市岩崎町元井ゲ１７‐１（道路上）
G12-6,35.1561768273834,137.041728151248,北東地区,岩崎区,日進市岩崎町竹ノ山149-373（御獄神社敷地内）
G12-60,35.1511487054977,137.044633294056,北東地区,岩崎区,日進市岩崎町元井ゲ１７‐１（道路上）
G12-61,35.1501646095874,137.044203975013,北東地区,岩崎区,日進市岩崎町元井ゲ１７‐１（道路上）
G12-63,35.150929181271,137.045962218257,北東地区,岩崎区,日進市岩崎町元井ゲ１７‐１（道路上）
G12-64,35.1507970393028,137.046790191865,北東地区,岩崎区,日進市岩崎町竹田２‐１（水路上）
G12-65,35.149433819329,137.044845594204,北東地区,岩崎区,日進市岩崎町元井ゲ１７‐１（道路上）
G12-66,35.1497505171789,137.046852859888,北東地区,岩崎区,日進市岩崎町元井ゲ１７‐３（北っこクラブ日進北学童保育所敷地内）
G12-67,35.1489141009097,137.044455647003,北東地区,岩崎区,日進市岩崎町小林１４５‐１３（道路上）
G12-68,35.148660522799,137.045532922152,北東地区,岩崎区,日進市岩崎町元井ゲ１４５‐１３（道路上）
G12-69,35.1485813851832,137.046084986527,北東地区,岩崎区,日進市岩崎町小林１４５‐１３（道路上）
G12-7,35.1557126488604,137.043201543367,北東地区,岩崎区,日進市岩崎町竹ノ山149-677
G12-70,35.1487423003982,137.04663603883,北東地区,岩崎区,日進市岩崎町小林（水路上）
G12-71,35.1470083644844,137.046459142352,北東地区,岩崎区,日進市岩崎町小林１２‐７１
G12-72,35.1457444294263,137.045723926272,北東地区,岩崎区,日進市岩崎町小林９２‐２
G12-73,35.144281474879,137.042966280667,北東地区,岩崎区,日進市岩崎町大塚４５‐１
G12-74,35.144435988077,137.044481108161,北東地区,岩崎区,日進市岩崎町大塚９３‐６
G12-75,35.1447776546324,137.046480640468,北東地区,岩崎区,日進市岩崎町梅ノ木１５９‐２（道路用地）
G12-76,35.1463400321022,137.049779838488,北東地区,岩崎区,日進市岩崎町梅ノ木２２９‐４
G12-77,35.1457356019969,137.048471506421,北東地区,岩崎区,日進市岩崎町梅ノ木
G12-78,35.1441543586485,137.048186914021,北東地区,岩崎区,日進市岩崎町梅ノ木１０
G12-79,35.1469657850264,137.043289275974,北東地区,岩崎区,日進市岩崎町六坊（菊水川ボックス上）
G12-8,35.1551092653165,137.040707353922,北東地区,岩崎区,日進市岩崎町竹ノ山149-330（日進グリーンハイツ集会所敷地内）
G12-80,35.1457638790127,137.043820409633,北東地区,岩崎区,日進市岩崎町市場118
G12-81,35.1451856011821,137.044179716504,北東地区,岩崎区,日進市岩崎町市場164-1
G12-82,35.1485417137577,137.044189943455,北東地区,岩崎区,日進市岩崎町小林145-145
G12-83,35.1497113418753,137.039977464701,北東地区,岩崎区,日進市岩崎町六坊（道路上）
G12-85,35.1529314364152,137.052614260516,北東地区,岩崎区,日進市岩崎町阿良池58-41（水路上）
G12-86,35.1509323518668,137.045255933649,北東地区,岩崎区,日進市岩崎町元井ゲ17-1（道路上）
G12-87,35.1500229459274,137.045413355756,北東地区,岩崎区,日進市岩崎町元井ゲ17-1（道路上）
G12-89,35.1429889154432,137.034872981301,北西地区,岩崎区,日進市岩崎町新ラ田94-27
G12-9,35.1549228056964,137.04119026202,北東地区,岩崎区,日進市岩崎町竹ノ山149-741
G12-90,35.1423742256445,137.035131103511,北西地区,岩崎区,日進市岩崎町新ラ田52-3
G12-91,35.1436723064972,137.036793975498,北西地区,岩崎区,日進市岩崎町ケカチ52-10
G12-92,35.1434706254938,137.039145823013,北西地区,岩崎区,日進市岩崎町大廻間95-2
G12-93,35.1426201726079,137.038781369894,北西地区,岩崎区,日進市岩崎町大廻間61-2
G12-94,35.143378984747,137.041254183952,北西地区,岩崎区,日進市岩崎町大廻間1080(水路上）
G12-96,35.1420255196428,137.043869814509,北東地区,岩崎区,日進市岩崎町向イ田１０６７
G12-97,35.141556738541,137.038192833117,北西地区,岩崎区,日進市岩崎町畦道1001（水路上）
G12-98,35.1411967949405,137.036090065713,北西地区,岩崎区,日進市岩崎町南口６７（岩崎南口児童遊園敷地内）
G12-99,35.1416457105648,137.037344156331,北西地区,岩崎区,日進市岩崎町南口22
G13-01,35.1477299690825,137.064103524271,北東地区,岩藤区,小出新聞店（岩藤町一ノ井26-1）
G13-02,35.148250960382,137.054389890508,北東地区,岩藤区,岩藤公民館前（岩藤町所寒525）
G13-03,35.1472216706478,137.070971944047,北東地区,岩藤区,総合運動公園（岩藤町大清水919-1）
G13-04,35.149324096164,137.067021855244,北東地区,岩藤区,一ノ井集会所（岩藤町一ノ井899-4）
G13-05,35.1477264993051,137.053811012033,北東地区,岩藤区,アオキスーパー日進岩藤店（岩藤町下原196）
G13-1,35.1491039213738,137.067192022187,北東地区,岩藤区,日進市岩藤町一ノ井897-15
G13-10,35.1466496663085,137.056499843807,北東地区,岩藤区,日進市岩藤町上原（道路上）
G13-11,35.1468218556203,137.059325687324,北東地区,岩藤区,日進市岩藤町長田（道路上）
G13-12,35.1468629723236,137.062540337169,北東地区,岩藤区,日進市岩藤町夏焼（道路上）
G13-13,35.1478270579788,137.052418122218,北東地区,岩藤区,日進市岩藤町下原228-9
G13-2,35.1451040436698,137.048932922901,北東地区,岩藤区,日進市岩藤町平子78-1（道路上）
G13-3,35.1436123702347,137.048982810568,北東地区,岩藤区,日進市岩藤町平子78-1（道路上）
G13-4,35.1470358670103,137.051100572268,北東地区,岩藤区,日進市岩藤町下原243-1（防火水槽脇）
G13-5,35.1475459430096,137.051991362374,北東地区,岩藤区,日進市岩藤町下原231-4
G13-7,35.1482549439649,137.054311192546,北東地区,岩藤区,日進市岩藤町所寒524-5（岩藤公民館敷地内）
G13-8,35.1468736636224,137.054910243879,北東地区,岩藤区,日進市岩藤町上原513-2（道路上）
G13-9,35.1450676171332,137.054143049005,北東地区,岩藤区,日進市岩藤町上原409-1
G14-01,35.1564242481279,137.057167201312,北東地区,北新区,相野山福祉会館（北新町二段場920-8）
G14-02,35.1625184357801,137.055222663443,北東地区,北新区,奥島（観音堂）（北新町南鴬504-3）
G14-03,35.1578733827683,137.055347325821,北東地区,北新区,北新町集荷場（北新町殿ヶ池中627）
G14-04,35.1566950614579,137.054525702767,北東地区,北新区,下組公会堂（北新町薬師池西3-1）
G14-05,35.1498509576081,137.058971592541,北東地区,北新区,八幡神社（北新町相野山1353-1）
G14-06,35.1653899474982,137.05178837352,北東地区,北新区,メルヴェーユ４５（北新町東口論義24）
G14-07,35.1642092247337,137.057535048617,北東地区,北新区,クローバーガーデン（北新町北鶯147）
G14-1,35.1660656751771,137.052553552407,北東地区,北新区,日進市北新町東口論義57
G14-11,35.1503614978594,137.054163968835,北東地区,北新区,日進市北新町狐塚49（水路上）
G14-12,35.1491970431895,137.055574479672,北東地区,北新区,日進市北新町八幡西36
G14-13,35.1564392100219,137.057065101282,北東地区,北新区,日進市北新町二段場920-8(相野山福祉会館敷地内）
G14-18,35.1613321432193,137.054456769775,北東地区,北新区,日進市北新町南鶯475-2（道路上）
G14-2,35.1625479565306,137.055269824974,北東地区,北新区,日進市北新町南鶯504-3（奥島集会所敷地内）
G14-20,35.1674412415517,137.057695178609,北東地区,北新区,日進市北新町福井182-158
G14-21,35.1503651556363,137.057372549131,北東地区,北新区,北新町相野山地内
G14-22,35.1498236998145,137.060980575558,北東地区,北新区,日進市北新町東相野山18
G14-23,35.1500350605776,137.062928450445,北東地区,北新区,日進市北新町東相野山37
G14-24,35.16570061662,137.051250913154,北東地区,北新区,日進市北新町西口論議
G14-25,35.155851969587,137.056726832102,北東地区,北新区,日進市北新町二段場
G14-3,35.1634692967603,137.056915381233,北東地区,北新区,日進市北新町北鶯38-2（道路上）
G14-5,35.1604719941789,137.056138731461,北東地区,北新区,日進市北新町殿ケ池上36-1（水路上）
G14-6,35.1592860575835,137.055460108058,北東地区,北新区,日進市北新町殿ケ池中57（水路上）
G14-7,35.1579778654961,137.054472901397,北東地区,北新区,日進市北新町殿ケ池中36-1（北新町区民会館敷地内）
G14-8,35.1566986851389,137.054447655757,北東地区,北新区,日進市北新町薬師池西3-1（下組公会堂敷地内）
G14-9,35.1567138342265,137.055725285439,北東地区,北新区,日進市北新町薬師池西42
G15-01,35.113146834077,137.042475137944,南西地区,南ケ丘区,南ケ丘会館（南ケ丘1-6）
G15-02,35.1135547481831,137.041953416178,南西地区,南ケ丘区,南ケ丘郵便局（南ケ丘2-2-2）
G15-1,35.1160030229254,137.046425270144,南西地区,南ケ丘区,日進市南ケ丘2-19-19
G15-10,35.1139478180476,137.046086663747,南西地区,南ケ丘区,日進市南ケ丘1-21-26（道路上）
G15-11,35.1148760345314,137.042590230435,南西地区,南ケ丘区,日進市南ケ丘2-21-4（道路上）
G15-12,35.1149285387894,137.043601765572,南西地区,南ケ丘区,日進市南ケ丘2-21-3（道路上）
G15-13,35.1148405750202,137.041419265439,南西地区,南ケ丘区,日進市南ケ丘22（「毎年移動青色線内の世帯」となっていたが、固定設置）
G15-15,35.1144853895243,137.04423127305,南西地区,南ケ丘区,日進市南ケ丘2-21-1（道路上）
G15-16,35.1140005343388,137.043113650681,南西地区,南ケ丘区,日進市南ケ丘2-21-1（道路上）
G15-19,35.1137738959625,137.044435293748,南西地区,南ケ丘区,日進市南ケ丘1-29-2（道路上）
G15-2,35.1158084217631,137.045994948664,南西地区,南ケ丘区,日進市南ケ丘2-21-3
G15-20,35.1133401908485,137.044510212099,南西地区,南ケ丘区,日進市南ケ丘1-29-2（道路上）
G15-22,35.1125735679955,137.044217786836,南西地区,南ケ丘区,日進市南ケ丘1-29-18（道路上）
G15-23,35.1131441698793,137.042250575216,南西地区,南ケ丘区,日進市南ケ丘1-6（南ケ丘会館敷地内）
G15-24,35.1123166467634,137.041388460987,南西地区,南ケ丘区,日進市南ケ丘1-21-21（道路上）
G15-25,35.1121447098247,137.041972129851,南西地区,南ケ丘区,日進市南ケ丘1-29-7（道路上）
G15-27,35.1119267968241,137.040721291369,南西地区,南ケ丘区,日進市南ケ丘3-23（愛知用水BOX上）
G15-28,35.1117632679365,137.041412784469,南西地区,南ケ丘区,日進市南ケ丘三丁目（三丁目１１ブロック内で毎年移動）（道路上）
G15-29,35.1128298715298,137.039766566367,南西地区,南ケ丘区,日進市南ケ丘三丁目24-15（道路上）
G15-3,35.1155739939977,137.04630807345,南西地区,南ケ丘区,日進市南ケ丘2-21-2（道路上）
G15-31,35.1108377532354,137.041248550295,南西地区,南ケ丘区,日進市南ケ丘三丁目（三丁目１２ブロック内で毎年移動）（道路上）
G15-32,35.1104909446149,137.04131797435,南西地区,南ケ丘区,日進市南ケ丘三丁目（三丁目7ブロック内で毎年12月に移動）（道路上）
G15-33,35.1105785011139,137.040820122892,南西地区,南ケ丘区,日進市南ケ丘三丁目（道路上）
G15-34,35.1106197554497,137.041049665599,南西地区,南ケ丘区,日進市南ケ丘三丁目（三丁目5ブロック内で毎年移動）（道路上）
G15-35,35.1099728776668,137.040796042095,南西地区,南ケ丘区,日進市南ケ丘三丁目（三丁目8ブロック内で毎年移動）（道路上）
G15-36,35.1103978864379,137.041291020544,南西地区,南ケ丘区,日進市南ケ丘三丁目（三丁目9ブロック内で毎年移動）（道路上）
G15-37,35.110036364073,137.041428371571,南西地区,南ケ丘区,日進市南ケ丘三丁目（道路上）
G15-39,35.1095596781454,137.040562905656,南西地区,南ケ丘区,日進市南ケ丘三丁目（三丁目1ブロック内で毎年12月に移動）（道路上）
G15-4,35.11563064192,137.045080021245,南西地区,南ケ丘区,日進市南ケ丘2-15（南ケ丘二丁目公園敷地内）
G15-40,35.1093826427443,137.04039994437,南西地区,南ケ丘区,日進市南ケ丘三丁目（三丁目2ブロック内で毎年12月に移動）（道路上）
G15-41,35.1095976470274,137.039888298457,南西地区,南ケ丘区,日進市南ケ丘三丁目（三丁目１４ブロック内で毎年１２月に移動）（道路上）
G15-43,35.1135168197509,137.041450911657,南西地区,南ケ丘区,日進市南ケ丘二丁目21-3（道路上）
G15-44,35.1141759523126,137.044531674043,南西地区,南ケ丘区,日進市南ケ丘一丁目29-10（道路上）
G15-46,35.1108204157996,137.041045956905,南西地区,南ケ丘区,日進市南ケ丘三丁目（道路上）
G15-48,35.1128485737426,137.042417885701,南西地区,南ケ丘区,日進市南ケ丘一丁目６（南ケ丘ちびっこ広場敷地内）
G15-49,35.1129929634767,137.04265901776,南西地区,南ケ丘区,日進市南ケ丘一丁目６（南ケ丘ちびっこ広場敷地内）
G15-5,35.1151844272239,137.044190403319,南西地区,南ケ丘区,日進市南ケ丘2-20-3（南ケ丘二丁目公園敷地横）
G15-50,35.1097281711117,137.040140627395,南西地区,南ケ丘区,日進市南ケ丘三丁目（三丁目4ブロック内で毎年12月に移動）（道路上）
G15-51,35.1099433803585,137.040343790152,南西地区,南ケ丘区,日進市南ケ丘3丁目10-1（三丁目１５ブロック内で毎年１２月に移設）（道路上）
G15-52,35.1134431827219,137.041812065801,南西地区,南ケ丘区,日進市南ケ丘二丁目２１－１（道路上）
G15-54,35.1155456254349,137.043109562894,南西地区,南ケ丘区,日進市南ケ丘2丁目（道路上）
G15-55,35.1136996176542,137.041696154157,南西地区,南ケ丘区,日進市南ケ丘二丁目21-1（道路上）
G15-56,35.1129037223136,137.041259865843,南西地区,南ケ丘区,日進市南ケ丘二丁目（道路上）
G15-57,35.115271979327,137.0451965156,南西地区,南ケ丘区,日進市南ケ丘2丁目（道路上）
G15-58,35.1123350499783,137.043868516271,南西地区,南ケ丘区,日進市南ケ丘一丁目13-4
G15-59,35.1124566531073,137.043066943266,南西地区,南ケ丘区,日進市南ケ丘一丁目
G15-6,35.115022429937,137.045620687324,南西地区,南ケ丘区,日進市南ケ丘1-21-1（道路上）
G15-60,35.1091445287847,137.039758018449,南西地区,南ケ丘区,日進市南ケ丘3丁目２－１（奥田宅裏空き地内）
G15-64,35.1111841758898,137.042379602699,南西地区,南ケ丘区,南ケ丘三丁目
G15-65,35.1146026173767,137.045525862878,南西地区,南ケ丘区,南ケ丘一丁目24-15前面道路
G15-66,35.1104431847977,137.040292775502,南西地区,南ケ丘区,日進市南ケ丘三丁目（三丁目13ブロック内で毎年移動）（道路上）
G15-67,35.1134507999257,137.042118681672,南西地区,南ケ丘区,南ケ丘１丁目７－６（民地内）
G15-7,35.1149428760581,137.046208509272,南西地区,南ケ丘区,日進市南ケ丘1-29-11（道路上）
G15-8,35.1145433905516,137.046067136111,南西地区,南ケ丘区,日進市南ケ丘1-21-26（道路上）
G15-9,35.113972811737,137.04511715124,南西地区,南ケ丘区,日進市南ケ丘1-21-26（道路上）
G16-01,35.151121031421,137.066673273781,北東地区,五色園区,五色園ハイランド第一集会所（五色園1-1802）
G16-02,35.1543085912698,137.058624363444,北東地区,五色園区,五色園第二集会所（五色園4-2806）
G16-03,35.1544435178409,137.061469403081,北東地区,五色園区,あおぞら公園（五色園3-610）
G16-1,35.1593237713216,137.06155587383,北東地区,五色園区,日進市五色園四丁目1508（つばき２号公園）
G16-10,35.1544346731289,137.06156117444,北東地区,五色園区,日進市五色園三丁目610（あおぞら公園敷地内）
G16-12,35.153983765846,137.06197544026,北東地区,五色園区,日進市五色園二丁目1906（道路上）
G16-13,35.1556861721306,137.064104296731,北東地区,五色園区,日進市五色園三丁目3011
G16-14,35.1550350675739,137.064119382866,北東地区,五色園区,日進市五色園二丁目2201（防火水槽敷内）
G16-15,35.1538348076474,137.063718838282,北東地区,五色園区,日進市五色園二丁目2315（道路上）
G16-16,35.153557227995,137.06358561055,北東地区,五色園区,日進市五色園二丁目2905（道路上）
G16-17,35.1532566081466,137.064667117385,北東地区,五色園区,日進市五色園二丁目2315（道路上）
G16-18,35.1524100777513,137.063415505587,北東地区,五色園区,日進市五色園二丁目1905（道路上）
G16-19,35.1518273379335,137.064642669097,北東地区,五色園区,日進市五色園二丁目2901（道路上）
G16-2,35.1577831036588,137.059701506054,北東地区,五色園区,日進市五色園四丁目801（つばき１号公園）
G16-20,35.1505019862707,137.065888730788,北東地区,五色園区,日進市五色園二丁目2806-2
G16-21,35.150825412889,137.066633464773,北東地区,五色園区,日進市五色園二丁目1818
G16-22,35.1512442393067,137.066648537605,北東地区,五色園区,日進市五色園一丁目2116（道路上）
G16-23,35.1505985087583,137.067830846678,北東地区,五色園区,日進市五色園一丁目1301（どんぐり公園敷地内）
G16-24,35.1518631012688,137.068988793497,北東地区,五色園区,日進市五色園一丁目1201
G16-25,35.152464046175,137.069259946115,北東地区,五色園区,日進市五色園一丁目1712(やまばと公園敷地内）
G16-26,35.1522229368505,137.070878941109,北東地区,五色園区,日進市五色園一丁目2123（道路上）
G16-28,35.1506724366284,137.070644673681,北東地区,五色園区,日進市五色園一丁目905（さんかく公園敷地内）
G16-29,35.1584793352337,137.0623342143,北東地区,五色園区,日進市五色園四丁目3202（道路上）
G16-3,35.157098168913,137.060095578371,北東地区,五色園区,日進市五色園四丁目3109（愛知用水敷地内）
G16-30,35.1572417757297,137.062801195884,北東地区,五色園区,日進市五色園四丁目3003（道路上）
G16-31,35.1573841377687,137.064418068469,北東地区,五色園区,日進市五色園四丁目3003（道路上）
G16-32,35.1562395234349,137.058856374481,北東地区,五色園区,日進市五色園四丁目2535-2
G16-33,35.1554141880653,137.057482913194,北東地区,五色園区,日進市五色園四丁目2416-1（汚水処理施設敷地内）
G16-4,35.1568368612978,137.061878485859,北東地区,五色園区,日進市五色園三丁目1606（ひばり公園敷地内）
G16-5,35.1555136773874,137.060491251872,北東地区,五色園区,日進市五色園三丁目3003（道路上）
G16-6,35.1547913899923,137.060028668669,北東地区,五色園区,日進市五色園三丁目3003（道路上）
G16-7,35.1542610655247,137.058602693694,北東地区,五色園区,日進市五色園四丁目（道路上）
G16-8,35.1531861209542,137.058137309767,北東地区,五色園区,日進市五色園四丁目3231（道路上）
G16-9,35.1542085378293,137.061087080686,北東地区,五色園区,日進市五色園三丁目610（あおぞら公園敷地内）
G18-01,35.1329155781169,137.014435866526,北西地区,梅森区,梅森公民館（梅森台1-151）
G18-02,35.1315158495043,137.009042942877,北西地区,梅森区,北山池東（梅森台5-238）
G18-03,35.1367723356805,137.014709943394,北西地区,梅森区,梅森台３丁目バス停西（梅森台3-69-2）
G18-1,35.1358196859694,137.008099700407,北西地区,梅森区,日進市梅森台4-75
G18-10,35.1381094860972,137.013228619345,北西地区,梅森区,日進市梅森台3-7（梅森台公園敷地内）
G18-11,35.1373171370749,137.013963921923,北西地区,梅森区,日進市梅森台3-7（梅森台公園敷地内）
G18-12,35.1368390801206,137.014595692848,北西地区,梅森区,日進市梅森台3-99（道路グリーンベルト上）
G18-14,35.1363914141097,137.01252261628,北西地区,梅森区,日進市梅森台3-42（道路上）
G18-15,35.1363686910837,137.015090381402,北西地区,梅森区,日進市梅森台3-142（道路上）
G18-16,35.1362663010051,137.011610614478,北西地区,梅森区,日進市梅森台4-34（道路上）
G18-17,35.135804281599,137.011590969888,北西地区,梅森区,日進市梅森台4-189（道路上）
G18-18,35.1354617130054,137.011577902564,北西地区,梅森区,日進市梅森台4-189（道路上）
G18-19,35.1351383469655,137.011566115743,北西地区,梅森区,日進市梅森台4-189（道路上）
G18-2,35.1361840100965,137.008411742053,北西地区,梅森区,日進市梅森台4-48（道路上）
G18-20,35.1362803518328,137.01387247227,北西地区,梅森区,日進市梅森台2-4（道路上）
G18-21,35.1359275042242,137.013286374078,北西地区,梅森区,日進市梅森台2-49（道路上）
G18-22,35.1359012032996,137.014303893596,北西地区,梅森区,日進市梅森台2-49（道路上）
G18-23,35.1351151884785,137.012917213618,北西地区,梅森区,日進市梅森台2-92（道路上）
G18-24,35.1350711456877,137.014590750138,北西地区,梅森区,日進市梅森台2-104（道路上）
G18-25,35.134225715096,137.016213086529,北西地区,梅森区,日進市梅森台2-275（道路上）
G18-26,35.1346723984899,137.014276005948,北西地区,梅森区,日進市梅森台2丁目（道路上）
G18-28,35.1338253378262,137.012237867272,北西地区,梅森区,日進市梅森台1-43（家庭菜園敷地内）
G18-29,35.1334296206003,137.011196265761,北西地区,梅森区,日進市梅森台1-4
G18-3,35.1348066843847,137.008069402575,北西地区,梅森区,日進市梅森台5-139（道路上）
G18-30,35.1339972184813,137.009204955353,北西地区,梅森区,日進市梅森台5-149（にしうしろ公園敷地内）
G18-31,35.1336270964695,137.00873107389,北西地区,梅森区,日進市梅森台5-149（にしうしろ公園横道路上）
G18-32,35.1333763039617,137.009140201584,北西地区,梅森区,日進市梅森台5-158（道路上）
G18-34,35.131527613604,137.00914705389,北西地区,梅森区,日進市梅森台5-49（道路上）
G18-35,35.1318584829215,137.011059126497,北西地区,梅森区,日進市梅森台5-99（中部電力㈱日進社宅前道路上）
G18-36,35.1325410664807,137.013538961728,北西地区,梅森区,日進市梅森台1-89（道路上）
G18-37,35.1329822642933,137.012210380147,北西地区,梅森区,日進市梅森台1-65（西山公園敷地内）
G18-38,35.1373048253134,137.012074262299,北西地区,梅森区,日進市梅森台3-42（道路上）
G18-39,35.1372707048744,137.012604798452,北西地区,梅森区,日進市梅森台3-42（道路上）
G18-40,35.1368765342723,137.013057987054,北西地区,梅森区,日進市梅森台3-86（グリーンベルト）
G18-42,35.1357622457845,137.00926169219,北西地区,梅森区,日進市梅森台4丁目（道路上）
G18-44,35.1369126967844,137.01165328375,北西地区,梅森区,日進市梅森台3-84（道路上）
G18-46,35.1329634890579,137.016494127311,北西地区,梅森区,日進市梅森台1-860-4（道路上）
G18-47,35.1367888780505,137.013386265255,北西地区,梅森区,日進市梅森台3-69-2（道路上）
G18-48,35.1342411536489,137.009693019474,北西地区,梅森区,日進市梅森台5-42（道路上）
G18-49,35.1364587418958,137.010193002361,北西地区,梅森区,日進市梅森台3-34（道路上）
G18-50,35.1368762024857,137.013223032263,北西地区,梅森区,日進市梅森台3丁目99（グリーンベルト）
G18-51,35.1331609641513,137.010826979251,北西地区,梅森区,日進市梅森台五丁目69（道路上）
G18-52,35.1358175720897,137.010009324523,北西地区,梅森区,日進市梅森台四丁目103-1（道路上）
G18-6,35.1356755669201,137.010477728076,北西地区,梅森区,日進市梅森台4-99（道路上）
G18-7,35.1350197725771,137.010487210591,北西地区,梅森区,日進市梅森台4-166（道路上）
G18-8,35.137319643072,137.011466068043,北西地区,梅森区,日進市梅森台3-34（道路上）
G18-9,35.1368957339699,137.011852708242,北西地区,梅森区,日進市梅森台3-189（道路上）
G19-01,35.1285786264403,137.045740203068,南東地区,東山区,日生東山園集会所（東山1-305、307）
G19-02,35.1241227840721,137.053536473068,南東地区,東山区,東山南ちびっこ広場（三角公園）（東山5-501）
G19-03,35.128442396391,137.054825045112,南東地区,東山区,東山平子台自治会集会所（東山7-616）
G19-04,35.1229242001599,137.052947954838,南東地区,東山区,東山グラウンド（東山5-505）
G19-10,35.1288744640178,137.04873935659,南東地区,東山区,日進市東山1丁目2703（雑種地）
G19-12,35.1265086643021,137.046239650727,南東地区,東山区,日進市東山２丁目124（ホンダプリモ名東日進店敷地内）
G19-13,35.1264747238383,137.047378407951,南東地区,東山区,日進市東山２丁目2237（道路上）
G19-15,35.1276935476947,137.04956399515,南東地区,東山区,日進市東山２丁目2258（道路上）
G19-16,35.127768323683,137.050360161922,南東地区,東山区,日進市東山２丁目2259（道路上）
G19-18,35.1267094209226,137.049928040041,南東地区,東山区,日進市東山２丁目2248（道路上）
G19-19,35.126571535465,137.048663017159,南東地区,東山区,日進市東山２丁目2248（道路上）
G19-2,35.1305991358284,137.045280525185,南東地区,東山区,日進市東山1-140（水路用地）
G19-20,35.1258285223923,137.048442559489,南東地区,東山区,日進市東山３丁目1923（道路上）
G19-21,35.1255448969558,137.048784094869,南東地区,東山区,日進市東山３丁目1933（道路上）
G19-23,35.1238181241162,137.0522258544,南東地区,東山区,日進市東山５丁目（東山グランド敷地内）
G19-24,35.1232425016883,137.051893662772,南東地区,東山区,日進市東山５丁目2008（雑種地）
G19-25,35.1271349297941,137.053178886565,南東地区,東山区,日進市東山７丁目710（東山西ちびっこ広場横道路上）
G19-26,35.1265224998512,137.05281358961,南東地区,東山区,日進市東山5丁目2201-1（道路上）
G19-27,35.1286291619201,137.055789062654,南東地区,東山区,日進市東山7丁目2034（道路上）
G19-28,35.1284464749088,137.054751194042,南東地区,東山区,日進市東山7丁目616（東山平子台自治会集会所敷地内）
G19-3,35.1300654556763,137.047074272746,南東地区,東山区,日進市東山1-1131
G19-30,35.1258468831213,137.053608809965,南東地区,東山区,日進市東山6丁目2701（道路上）
G19-31,35.1259578822463,137.05470950248,南東地区,東山区,日進市東山6丁目2704（道路上）
G19-32,35.1260201336735,137.05554868539,南東地区,東山区,日進市東山7丁目2705（道路上）
G19-34,35.1261357174919,137.057552285224,南東地区,東山区,日進市東山6丁目（東山集中浄化槽敷地横道路上）
G19-35,35.1259091290688,137.053175320309,南東地区,東山区,日進市東山7丁目1715-1
G19-36,35.1251050609293,137.053592279662,南東地区,東山区,日進市東山5丁目2201-1（道路上）
G19-37,35.1249040867725,137.054227623107,南東地区,東山区,日進市東山6丁目2702（道路上）
G19-38,35.1248613918001,137.057419137613,南東地区,東山区,日進市東山6丁目2706（道路上）
G19-4,35.1294188792694,137.047019696102,南東地区,東山区,日進市東山1丁目（道路上）
G19-41,35.1240945051753,137.053661812417,南東地区,東山区,日進市東山5丁目501（東山南ちびっこ広場横道路上）
G19-42,35.1238870312999,137.054579685067,南東地区,東山区,日進市東山6丁目（道路上）
G19-43,35.1235998169079,137.055056260489,南東地区,東山区,日進市東山6丁目（道路上）
G19-44,35.1241017334385,137.056123700197,南東地区,東山区,日進市東山6丁目1007（日東コミュニティセンター横道路上）
G19-45,35.1243604276312,137.0578914944,南東地区,東山区,日進市東山6丁目2711（道路上）
G19-48,35.1285285917781,137.045736217171,南東地区,東山区,日進市東山1丁目2269（東山一丁目児童遊園敷地横道路上）
G19-5,35.1294064112748,137.047448747388,南東地区,東山区,日進市東山1丁目2811（道路上）
G19-50,35.1278741477541,137.048028134283,南東地区,東山区,日進市東山1丁目2240（道路上）
G19-51,35.1266537293281,137.049479899283,南東地区,東山区,日進市東山2-2248（グリーンベルト上）
G19-52,35.1260598256612,137.056865303228,南東地区,東山区,日進市東山6-1903（東ちびっこ広場）
G19-53,35.1237591478798,137.055103990591,南東地区,東山区,日進市東山6-2301-10（開発・三方囲い）
G19-54,35.1239407068967,137.051353959147,南東地区,東山区,日進市東山５丁目1606（田中宅前）
G19-56,35.1285236903703,137.049837780028,南東地区,東山区,日進市東山1-2716(日進市東山区事務所)
G19-57,35.1248480324171,137.049113823092,南東地区,東山区,日進市東山4-815-4
G19-58,35.1292149905746,137.049999298225,南東地区,東山区,日進市東山1-2605-4
G19-7,35.1286324342135,137.046365233021,南東地区,東山区,日進市東山1丁目３０５（日生東山園集会所敷地内）
G19-8,35.1284563225425,137.047218281298,南東地区,東山区,日進市東山1丁目2221（道路上）
G2-01,35.1280038824851,137.0248066869,北西地区,浅田区,福安新聞店（浅田町平池32）
G2-02,35.1250029954786,137.022862583848,南西地区,浅田区,生涯学習プラザ（浅田町西前田8-7）
G2-03,35.1245084067186,137.02388692615,南西地区,浅田区,浅田区民会館（浅田町茶園38）
G2-04,35.1181842109639,137.029630963718,南西地区,浅田区,日進ホーム（浅田町平子1）前
G2-05,35.1260038597208,137.016454236571,北西地区,浅田区,上納池体育館（浅田町西田面155-1）
G2-1,35.1287503423965,137.021504498967,北西地区,浅田区,日進市浅田町西浦５７番地（水路上）
G2-1（住民管理）,35.1268521628734,137.030044587726,南西地区,浅田区,日進市浅田町上納25-9
G2-10,35.1265393836903,137.0290311575,南西地区,浅田区,日進市浅田町上納24-1
G2-11,35.1264338276339,137.032654831124,南西地区,浅田区,日進市浅田町上納58-19
G2-13,35.1221475922679,137.025584204019,南西地区,浅田区,日進市浅田町茶園（道路上）
G2-15,35.1219061427061,137.032048709262,南西地区,浅田区,日進市浅田町上小深田８－７５
G2-16,35.1214312152691,137.033234427788,南西地区,浅田区,日進市浅田町上少深田８－７５
G2-2,35.1285763999062,137.024272206389,北西地区,浅田区,日進市浅田町森下１４４番地（水路上）
G2-3,35.1285602193085,137.026087321298,北西地区,浅田区,日進市浅田町森下１０９番地（道路上）
G2-30,35.1282706423808,137.027938889281,北西地区,浅田区,日進市浅田町森下７６番地
G2-31,35.1182543516367,137.025706772202,南西地区,浅田区,日進市浅田町笹原(道路上）
G2-32,35.1267783749216,137.026996151279,北西地区,浅田区,日進市浅田町平池７５－２
G2-34,35.1245051809117,137.023979974775,南西地区,浅田区,日進市浅田町茶園３９－１（浅田区民会館）
G2-36,35.1233819689409,137.031046850588,南西地区,浅田区,日進市浅田町上小深田３－１１
G2-37,35.1227915315103,137.030738533564,南西地区,浅田区,日進市浅田町上小深田３－３５
G2-4,35.1283014332308,137.032142754566,北西地区,浅田区,日進市浅田町東田面３－１
G2-40,35.1260754718733,137.027040143121,南西地区,浅田区,日進市浅田町平池７７－１
G2-43,35.1245523751119,137.028061168913,南西地区,浅田区,日進市浅田町上ノ山（道路上）
G2-46,35.1250678081965,137.029550859247,南西地区,浅田区,日進市浅田町上納（名古屋化学工業㈱敷地横道路上）
G2-49,35.1226922481642,137.032814784301,南西地区,浅田区,日進市浅田町上小深田３－９６
G2-5,35.1256121494246,137.019368952346,北西地区,浅田区,日進市浅田町西田面（道路上）
G2-50,35.1231037066608,137.032113338188,南西地区,浅田区,日進市浅田町上ノ山
G2-54,35.1264759701626,137.029312594382,南西地区,浅田区,日進市浅田町上納25-19
G2-56,35.1239885701127,137.023837581637,南西地区,浅田区,日進市浅田町茶園42-24
G2-57,35.1248036410311,137.023206689866,南西地区,浅田区,日進市浅田町茶園35-30
G2-58,35.1267532497188,137.026549509669,北西地区,浅田区,日進市浅田町平池２５３
G2-59,35.1266894924713,137.02505474663,北西地区,浅田区,日進市浅田町平池２２８
G2-6,35.1255775007712,137.020533384016,北西地区,浅田区,日進市浅田町西田面（水路上）
G2-60,35.1233853979178,137.030647687097,南西地区,浅田区,日進市浅田町上小深田3-119
G2-61,35.1241307522642,137.03196780623,南西地区,浅田区,日進市浅田町上ノ山32-4
G2-62,35.1145368811156,137.030956518697,南西地区,浅田区,日進市浅田町美濃輪
G2-63,35.1238465916007,137.030335316611,南西地区,浅田区,日進市浅田町上小深田40-12
G2-64,35.1229438259982,137.032961724603,南西地区,浅田区,日進市浅田町上小深田9-19
G2-65,35.1261374640951,137.030421800993,南西地区,浅田区,日進市浅田町上納10-189
G2-66,35.1250905336996,137.032458216442,南西地区,浅田区,日進市浅田町上納51-9
G2-67,35.1261233069808,137.031869176648,南西地区,浅田区,日進市浅田町上納66-6
G2-68,35.1236800362417,137.028850322392,南西地区,浅田区,日進市浅田町下小深田12-22
G2-7,35.1246639929163,137.020779144273,北西地区,浅田区,日進市浅田町西田面１４４番地（道路上）
G2-8,35.1240628131921,137.023806401294,南西地区,浅田区,日進市浅田町茶園（公園敷地内）
G2-9,35.12520822086,137.026059177244,南西地区,浅田区,日進市浅田町上ノ山（浅田墓地敷地内）
G20-01,35.1425264411176,137.026882227212,北西地区,香久山区,ピアゴ香久山店（香久山5-1801）
G20-02,35.1461556085653,137.024032959508,北西地区,香久山区,山田新聞店（香久山3-1704-1）
G20-03,35.1447487592507,137.025379713301,北西地区,香久山区,香久山郵便局（香久山3-1609）
G20-04,35.143907921979,137.029093563005,北西地区,香久山区,岩崎台区・香久山福祉会館（香久山4-201-14）
G20-05,35.1387364458842,137.025851337656,北西地区,香久山区,北部浄化センター（香久山2-501）
G20-06,35.1385320975443,137.025783102463,北西地区,香久山区,香久山会館（香久山2-2835）
G20-07,35.1432021322581,137.026538116982,北西地区,香久山区,ジョーシン香久山（香久山4-201-3）
G20-1,35.1459743652973,137.021183963914,北西地区,香久山区,日進市香久山3丁目2207（道路上）
G20-10,35.1415355523946,137.024162066307,北西地区,香久山区,日進市香久山2丁目2818（そよかぜ公園敷地内）
G20-11,35.1405265311787,137.023833391658,北西地区,香久山区,日進市香久山2丁目3323（梅森団地公園敷地内）
G20-12,35.1423408550395,137.026122564199,北西地区,香久山区,日進市香久山2丁目2806（道路上）
G20-13,35.1411337976073,137.02611070165,北西地区,香久山区,日進市香久山2丁目2813（こでまりの広場敷地内）
G20-14,35.1404784423644,137.026110840511,北西地区,香久山区,日進市香久山2丁目1004（集合住宅エコサーブK敷地内）
G20-15,35.1409702004314,137.026904202443,北西地区,香久山区,日進市香久山5丁目1911（道路上）
G20-16,35.1393139235802,137.027104675814,北西地区,香久山区,日進市香久山１丁目3801（もみじの広場敷地内）
G20-17,35.1376468472487,137.026150384819,北西地区,香久山区,日進市香久山2丁目2835（香久山テニスコート敷地内）
G20-18,35.1363158876466,137.026180325286,北西地区,香久山区,日進市香久山2丁目2838（うめの広場敷地内）
G20-19,35.1440280162369,137.02990844979,北西地区,香久山区,日進市香久山4丁目1315（はぎの広場敷地内）
G20-2,35.1461592269777,137.023967103453,北西地区,香久山区,日進市香久山3丁目2202（道路上）
G20-20,35.1419492951026,137.030572036487,北西地区,香久山区,日進市香久山5丁目1905（すずかぜ公園敷地内）
G20-21,35.1399459427988,137.031407648448,北西地区,香久山区,日進市香久山1丁目3934（さざんかの広場敷地内）
G20-22,35.1387472913543,137.029730285562,北西地区,香久山区,日進市香久山1丁目3916（もくせいの広場敷地内）
G20-23,35.1373399416647,137.027355283825,北西地区,香久山区,日進市香久山1丁目3927（まんさくの広場敷地内）
G20-24,35.1375926459429,137.029115271575,北西地区,香久山区,日進市香久山1丁目3930（ひだまり公園場敷地内）
G20-25,35.1379405247059,137.031688165116,北西地区,香久山区,日進市香久山1丁目3949（つばきの広場敷地内）
G20-26,35.1401337876859,137.031634283131,北西地区,香久山区,日進市香久山5丁目1939（新ラ田１号緑地）
G20-27,35.141490898959,137.031855259843,北西地区,香久山区,日進市香久山5丁目1938（新ラ田ケ丘公園敷地内）
G20-28,35.1399798095038,137.030336956446,北西地区,香久山区,日進市香久山5丁目201-4（環境課管理）
G20-29,35.139826037871,137.02570229853,北西地区,香久山区,日進市香久山2丁目2829（つつじの広場敷地内）
G20-3,35.1451453827482,137.023523514891,北西地区,香久山区,日進市香久山3丁目2216（あじさいの広場敷地内）
G20-30,35.1467115040801,137.02694805542,北西地区,香久山区,日進市香久山4丁目1305（さるすべりの広場敷地内）
G20-32,35.1382736985857,137.033642176481,北西地区,香久山区,日進市香久山一丁目201番9
G20-33,35.1370364304634,137.027990850797,北西地区,香久山区,日進市香久山一丁目901-4
G20-34,35.1416322186216,137.025342847565,北西地区,香久山区,日進市香久山二丁目1712-4
G20-35,35.1443575151537,137.021403042985,北西地区,香久山区,日進市香久山三丁目2219
G20-36,35.1412344702784,137.027814068613,北西地区,香久山区,日進市香久山五丁目1918
G20-4,35.1456709917005,137.02854898524,北西地区,香久山区,日進市香久山4丁目1308-1（水晶山緑地敷地内）
G20-5,35.1441505011661,137.023565863134,北西地区,香久山区,日進市香久山3丁目2228（こもれび公園敷地内）
G20-6,35.1446269315993,137.025344036402,北西地区,香久山区,日進市香久山3丁目2223（くちなしの広場敷地内）
G20-7,35.1427231793076,137.023062985798,北西地区,香久山区,日進市香久山2丁目2821（１号緑地敷地内）
G20-8,35.1431690736738,137.025859507106,北西地区,香久山区,日進市香久山3丁目2225（道路上）
G21-01,35.1212848407981,137.019469672072,南西地区,赤池区,ピアゴ赤池店（赤池2-601）
G21-02,35.1193254362682,137.012364087423,南西地区,赤池区,永野新聞舗（赤池4-102）
G21-03,35.1221841835373,137.018919467245,南西地区,赤池区,赤池郵便局（赤池1-1307）
G21-04,35.1205479975886,137.014653842139,南西地区,赤池区,赤池公民館（赤池1-2202）
G21-04,35.1203221608372,137.014277061884,南西地区,赤池区,赤池公民館（赤池1-2202）
G21-05,35.117711528026,137.018257205898,南西地区,赤池区,メグリア赤池店（赤池3-2001）
G21-06,35.1187165539797,137.017737648837,南西地区,赤池区,たかねやま公園（赤池3-1501）
G21-1,35.1208720811722,137.0121668646,南西地区,赤池区,日進市5丁目2144（道路上）
G21-10,35.1203844250652,137.019731535724,南西地区,赤池区,日進市4丁目915
G21-11,35.1201718497366,137.019201776018,南西地区,赤池区,日進市3丁目1222（道路上）
G21-12,35.1184439468676,137.018984367845,南西地区,赤池区,日進市3丁目（道路上）
G21-13,35.118591079075,137.01526967346,南西地区,赤池区,日進市3丁目（調整池敷地内）
G21-14,35.1221561585848,137.014698801026,南西地区,赤池区,日進市1丁目3105（赤池中央歩道橋下）
G21-15,35.1217958363862,137.017447219469,南西地区,赤池区,日進市1丁目3138（道路上）
G21-16,35.1198170129714,137.018442863921,南西地区,赤池区,日進市赤池3丁目（平池公園遊歩道敷地内）
G21-17,35.1215985188575,137.015636377605,南西地区,赤池区,日進市赤池1丁目3110（道路上）
G21-18,35.1186848056023,137.017797061185,南西地区,赤池区,日進市赤池三丁目
G21-19,35.1198554186893,137.017417404794,南西地区,赤池区,日進市赤池3丁目（道路上）
G21-2,35.1203165700809,137.014347399534,南西地区,赤池区,日進市1丁目220（赤池公民館敷地内）
G21-20,35.1216243688489,137.011128292864,南西地区,赤池区,日進市5丁目301-6
G21-3,35.1184933156968,137.013582477043,南西地区,赤池区,日進市4丁目1406（丸根公園敷地内）
G21-4,35.1220177722295,137.018105885765,南西地区,赤池区,日進市1丁目（道路上）
G21-5,35.1216372269552,137.017778304439,南西地区,赤池区,日進市1丁目1503（名古屋市交通局事務所敷地）
G21-6,35.1208817114724,137.017114034325,南西地区,赤池区,日進市1丁目3165（道路上）
G21-7,35.1199192470776,137.015602503276,南西地区,赤池区,日進市4丁目1201（道路上）
G21-8,35.1214843041693,137.020041155428,南西地区,赤池区,日進市赤池2丁目1115（前田公園北側道路上）
G21-9,35.1210063361713,137.021374729929,南西地区,赤池区,日進市赤池2丁目1129（道路上）
G22-02,35.1504148766437,137.025189921224,北東地区,岩崎台区,もみじ公園（岩崎台2-2309）
G22-03,35.1529293958211,137.025511332381,北東地区,岩崎台区,けやき公園（岩崎台3-2209）
G22-04,35.1513280406441,137.029338234441,北東地区,岩崎台区,みゆき公園（岩崎台4-1717）
G22-1,35.1545746554926,137.026619270785,北東地区,岩崎台区,日進市岩崎台3丁目2202（遊歩道上）
G22-10,35.1499856677431,137.022413431027,北東地区,岩崎台区,日進市岩崎台2丁目2420（道路上）
G22-11,35.1519759937648,137.025409477742,北東地区,岩崎台区,日進市岩崎台2丁目2311（道路上）
G22-12,35.1500149234159,137.025671339278,北東地区,岩崎台区,日進市岩崎台2丁目2308（もみじ公園東側道路上）
G22-13,35.1505142024597,137.027434686668,北東地区,岩崎台区,日進市岩崎台4丁目2301（道路上）
G22-14,35.1493459448641,137.023966808642,北東地区,岩崎台区,日進市岩崎台１丁目2438（緑地敷地内）
G22-15,35.1486874255353,137.022133217971,北東地区,岩崎台区,日進市岩崎台１丁目2419
G22-16,35.1485418756672,137.024755359179,北東地区,岩崎台区,日進市岩崎台１丁目2490（道路上）
G22-17,35.148694021002,137.027536893971,北東地区,岩崎台区,日進市岩崎台４丁目1716（調整池北側道路上）
G22-18,35.1484580617574,137.026243531222,北東地区,岩崎台区,日進市岩崎台１丁目2496（道路上）
G22-19,35.1476051067691,137.025543135507,北東地区,岩崎台区,日進市岩崎台１丁目2482（道路上）
G22-2,35.1538410298426,137.024507101317,北東地区,岩崎台区,日進市岩崎台3丁目2219（道路上）
G22-20,35.1471987751451,137.024576601706,北東地区,岩崎台区,日進市岩崎台１丁目2465（三洋堂書店駐車場出入口付近道路上）
G22-21,35.1465315145892,137.022510289703,北東地区,岩崎台区,日進市岩崎台１丁目2457（道路上）
G22-22,35.1468126866107,137.020935643283,北東地区,岩崎台区,日進市岩崎台１丁目2423（道路上）
G22-23,35.151642530027,137.02710590846,北東地区,岩崎台区,日進市岩崎台２丁目2303（道路上）
G22-24,35.1546021853128,137.024790277583,北東地区,岩崎台区,日進市岩崎台３丁目2216（緑地敷地内）
G22-26,35.1537861012283,137.028138710066,北東地区,岩崎台区,日進市岩崎台3丁目2204（道路上）
G22-27,35.1484508791239,137.026736113453,北東地区,岩崎台区,日進市岩崎台2丁目2505（道路上）
G22-29,35.1502614537353,137.025116102099,北東地区,岩崎台区,日進市岩崎台２丁目2309（もみじ公園敷地内）
G22-30,35.147443022152,137.018737847598,北東地区,岩崎台区,日進市岩崎台１丁目2220-73（岩崎台１丁目公園（かえで公園敷地内））
G22-31,35.1492596084397,137.022538734068,北東地区,岩崎台区,日進市岩崎台１丁目1702-4
G22-32,35.1521053394966,137.02302202741,北東地区,岩崎台区,日進市岩崎台３丁目2224（遊歩道上）
G22-33,35.1525502251981,137.022811058663,北東地区,岩崎台区,日進市岩崎台３丁目706-7（環境課管理）
G22-34,35.1485848328754,137.022808598738,北東地区,岩崎台区,日進市岩崎台１丁目1501-4
G22-35,35.1491382918203,137.022781942372,北東地区,岩崎台区,日進市岩崎台
G22-36,35.1487135291501,137.023238823502,北東地区,岩崎台区,日進市岩崎台1605-16（つつじ公園）
G22-37,35.1479834014139,137.020786488527,北東地区,岩崎台区,日進市岩崎台１丁目2010-6
G22-38,35.1487697342876,137.025039553326,北東地区,岩崎台区,日進市岩崎台１丁目603
G22-39,35.1488372029649,137.021117736405,北東地区,岩崎台区,日進市岩崎台１丁目2001-3
G22-4,35.1532259346145,137.025710801237,北東地区,岩崎台区,日進市岩崎台3丁目2210（けやき公園横道路上）
G22-41,35.1488432543493,137.025238298698,北東地区,岩崎台区,日進市岩崎台１丁目603
G22-42,35.1493128714494,137.021847630226,北東地区,岩崎台区,日進市岩崎台一丁目2001番1
G22-43,35.1486662977989,137.021426446449,北東地区,岩崎台区,日進市岩崎台一丁目2001番33
G22-45,35.1500002227379,137.021768376833,北東地区,岩崎台区,日進市岩崎台二丁目1307番2
G22-5,35.1524866287808,137.025455571666,北東地区,岩崎台区,日進市岩崎台3丁目2210（けやき公園南側道路上）
G22-6,35.1532703562852,137.028116425065,北東地区,岩崎台区,日進市岩崎台4丁目1702（道路上）
G22-7,35.1519138721992,137.029717998223,北東地区,岩崎台区,日進市岩崎台4丁目1704（道路上）
G22-8,35.1504645492711,137.028868724978,北東地区,岩崎台区,日進市岩崎台4丁目1716（たかみの森）
G22-9,35.1511785995374,137.022904460763,北東地区,岩崎台区,日進市岩崎台2丁目2420（道路上）
G23-01,35.1164324941607,137.04920161175,南東地区,折戸区,日進フランテ館（栄1-201）
G23-02,35.120527104899,137.052238576137,南東地区,折戸区,ナフコ日進店（栄4-1403）
G23-03,35.1210471849337,137.048234973377,南東地区,折戸区,栄郵便局（栄3-2215-2）
G23-04,35.1203885555118,137.054655901864,南東地区,折戸区,子育て支援センター（栄4-1002-2）
G23-1,35.1216707329571,137.049826060927,南東地区,折戸区,日進市栄３丁目911（出屋敷公園敷地内）
G23-10,35.1173056377182,137.047716079788,南西地区,折戸区,日進市栄１丁目1012（道路上）
G23-11,35.1159448095514,137.050608452919,南東地区,折戸区,日進市栄１丁目1004（道路上）
G23-12,35.1197568849553,137.052507684943,南東地区,折戸区,日進市栄２丁目1920（道路上、民地）
G23-13,35.1233314949961,137.050213191756,南東地区,折戸区,日進市栄３丁目702-4（環境課管理）
G23-2,35.1218336999919,137.051980230673,南東地区,折戸区,日進市栄３丁目160（東山公園敷地内）
G23-3,35.120858711963,137.048072318404,南東地区,折戸区,日進市栄２丁目1801（道路上）
G23-4,35.1198007998728,137.047832480281,南東地区,折戸区,日進市栄２丁目1836（遊歩道上）
G23-5,35.1199316979728,137.05072513028,南東地区,折戸区,日進市栄２丁目702（栄公園敷地内）
G23-6,35.1199527238088,137.052075356227,南東地区,折戸区,日進市栄４丁目1818（道路上）
G23-7,35.1208468604299,137.053207576482,南東地区,折戸区,日進市栄４丁目1902（遊歩道上）
G23-8,35.1208622360879,137.054619047293,南東地区,折戸区,日進市栄４丁目1001（福池公園敷地内）
G24-01,35.120954709567,137.036386461159,南西地区,折戸区,折戸藤塚集会所（藤塚3-320）
G24-02,35.1151182513346,137.034071260272,南西地区,折戸区,三井団地集会所（藤塚6-27）
G24-03,35.1245495882664,137.036860874442,南西地区,折戸区,みはらし公園（藤塚1-251）
G24-1,35.1248479968121,137.034715465319,南西地区,野方区,日進市藤塚１丁目42（道路上）
G24-1（住民管理）,35.1246935936348,137.038255416626,南西地区,野方区,藤塚１丁目３０８番地13
G24-10,35.120872816865,137.036432562406,南西地区,折戸区,日進市藤塚３丁目321（折戸藤塚集会所敷地内）
G24-11,35.1201663192341,137.035737656671,南西地区,折戸区,日進市藤塚３丁目333（環境課管理）
G24-12,35.1191522595297,137.034810884738,南西地区,折戸区,日進市藤塚３丁目527（環境課管理）
G24-14,35.1192601259725,137.03753917597,南西地区,折戸区,日進市藤塚３丁目563-14（環境課管理）
G24-15,35.1188979249588,137.037542600037,南西地区,折戸区,日進市藤塚４丁目68（折戸藤塚児童遊園敷地内）
G24-16,35.1174494935579,137.036640098183,南西地区,折戸区,日進市藤塚４丁目２３６（環境課管理）
G24-17,35.1170835258029,137.034411689759,南西地区,折戸区,日進市藤塚５丁目２９２（道路上）
G24-18,35.117285559037,137.037690291522,南西地区,折戸区,日進市藤塚５丁目（名鉄豊田線上道路上）
G24-19,35.1155322593728,137.035118854261,南西地区,折戸区,日進市藤塚６丁目409（道路上）
G24-2,35.1244688708912,137.037163172721,南西地区,折戸区,日進市藤塚１丁目249（みはらし公園敷地内）
G24-21,35.1141938356392,137.035504869208,南西地区,折戸区,日進市藤塚６丁目409（道路上）
G24-23,35.1128195325042,137.034809129108,南西地区,折戸区,日進市藤塚６丁目105-1
G24-24,35.1123885545865,137.034320322845,南西地区,折戸区,日進市藤塚６丁目288-1
G24-25,35.1129135094083,137.039148797563,南西地区,折戸区,日進市藤塚７丁目1
G24-27,35.1109676029789,137.038187764375,南西地区,折戸区,日進市藤塚７丁目(道路上）
G24-29,35.1210213128557,137.038572224265,南西地区,折戸区,日進市藤塚２丁目59-175（環境課管理）
G24-3,35.1238908062866,137.034525767579,南西地区,折戸区,日進市藤塚１丁目（水路上）
G24-31,35.1236912966065,137.037435520224,南西地区,野方区,日進市藤塚１丁目207
G24-33,35.1168837360631,137.035882130816,南西地区,折戸区,日進市藤塚５丁目308（道路上）
G24-34,35.1191595427219,137.037896122556,南西地区,折戸区,日進市藤塚２丁目211（道路上）
G24-35,35.1138166436962,137.037413922768,南西地区,折戸区,日進市藤塚６丁目267-9（環境課管理）
G24-36,35.1243905119961,137.03849892296,南西地区,野方区,日進市藤塚１丁目303-14（環境課管理）
G24-37,35.1207692000901,137.037321642498,南西地区,折戸区,日進市藤塚２丁目145-9（環境課管理）
G24-38,35.1211967457148,137.035713077267,南西地区,折戸区,日進市藤塚３丁目N（水路上、折戸藤塚集会所敷地内）
G24-40,35.1239353016476,137.036072415281,南西地区,野方区,日進市藤塚１丁目357（道路上）
G24-41,35.1109540709854,137.039718353087,南西地区,南ケ丘区,日進市南ケ丘3丁目２４－４１（道路上）
G24-42,35.1225558835391,137.036479805238,南西地区,折戸区,日進市藤塚２丁目622（道路上）
G24-43,35.116303416817,137.034752282006,南西地区,折戸区,日進市藤塚５丁目35（藤塚五丁目公園敷地内、環境課管理）
G24-44,35.1221460984146,137.034082913301,南西地区,折戸区,日進市藤塚３丁目47-3（環境課管理）
G24-45,35.1248539308508,137.034866870727,南西地区,野方区,日進市藤塚１丁目67（集中浄化槽敷地内）
G24-46,35.1245897234753,137.036880011879,南西地区,折戸区,日進市藤塚1-251
G24-47,35.1167719413934,137.035451916497,南西地区,折戸区,日進市藤塚5-18-27（環境課管理）
G24-48,35.1213999146579,137.037882941919,南西地区,折戸区,日進市藤塚2丁目（藤塚2丁目公園）
G24-49,35.1157936569094,137.034764403651,南西地区,折戸区,日進市藤塚６丁目（藤塚北ちびっこ広場）
G24-5,35.1230792016007,137.03878843988,南西地区,折戸区,日進市折戸町鎌ケ寿60-2
G24-50,35.1135701496057,137.038143088147,南西地区,折戸区,日進市藤塚6-280-1（畑側）
G24-51,35.1168642909396,137.035990116814,南西地区,折戸区,日進市藤塚5-9-4
G24-52,35.1226786898513,137.035502570307,南西地区,折戸区,日進市藤塚三丁目101-9
G24-53,35.1215095706473,137.035148853171,南西地区,折戸区,藤塚三丁目279-6
G24-54,35.1150718934799,137.036545686996,南西地区,折戸区,日進市藤塚５丁目68（私有地）
G24-55,35.1210509489077,137.038210883399,南西地区,折戸区,日進市藤塚二丁目187-9
G24-56,35.1140263155786,137.038000740777,南西地区,折戸区,日進市藤塚五丁目277-6
G24-57,35.1133711389392,137.038427538166,南西地区,折戸区,日進市藤塚6-280-1（NTTボックス前）
G24-59,35.1120152502159,137.037485441898,南西地区,折戸区,日進市藤塚6-333-3
G24-6,35.122594276829,137.034060243491,南西地区,折戸区,日進市藤塚３丁目６６（環境課管理）
G24-60,35.1091260717604,137.0390070414,南西地区,折戸区,日進市藤塚7-243
G24-7,35.1221810952194,137.037271573852,南西地区,折戸区,日進市藤塚２丁目１１０（環境課管理）
G24-8,35.1208200299331,137.034221657842,南西地区,浅田区,日進市浅田町上小深田61番地（道路上）
G24-9,35.1211244746973,137.035653397708,南西地区,折戸区,日進市藤塚３丁目319（環境課管理）
G25-01,35.1138191225776,137.018542698259,南西地区,赤池区,赤池南２号公園（赤池南2-1501）
G25-02,35.1165285279889,137.018387821357,南西地区,赤池区,赤池区（殖産緑地）（赤池南1-42）
G25-1,35.1171795850058,137.016942300636,南西地区,赤池区,日進市赤池南1丁目（赤池児童遊園東側）
G25-10,35.114855568331,137.016525384843,南西地区,赤池区,日進市赤池南１丁目
G25-11,35.1163116698782,137.014845255143,南西地区,赤池区,日進市赤池南１丁目（道路上）
G25-12,35.1158105492863,137.019819835259,南西地区,赤池区,日進市赤池南２丁目（赤池南３号公園道路上）
G25-13,35.116569106251,137.018250939637,南西地区,赤池区,日進市赤池南１－４３
G25-14,35.1138884330754,137.019941656918,南西地区,赤池区,日進市赤池南２－１４
G25-15,35.1133612320853,137.018140688071,南西地区,赤池区,日進市赤池南２丁目（移管時地番：日進市赤池町モチロ61-912）
G25-16,35.1158572452532,137.015204736529,南西地区,赤池区,日進市赤池南1丁目（道路上）
G25-17,35.1170758961388,137.016196897501,南西地区,赤池区,日進市赤池南1丁目113-13
G25-18,35.1174350030235,137.016170455151,南西地区,赤池区,日進市赤池南1丁目113-12
G25-19,35.1136814876939,137.019891014605,南西地区,赤池区,赤池南二丁目2034-9
G25-2,35.1170722546374,137.017847499217,南西地区,赤池区,日進市赤池南１－４０
G25-20,35.1156106317687,137.019840709463,南西地区,赤池区,日進市赤池南２丁目301-15
G25-21,35.1168416735498,137.015886957913,南西地区,赤池区,日進市赤池南1丁目118
G25-22,35.1135401314717,137.017009077201,南西地区,赤池区,日進市赤池南２丁目1706-9
G25-3,35.1162470176181,137.017371105543,南西地区,赤池区,日進市赤池南１丁目（道路上）
G25-4,35.1161368040187,137.015652271861,南西地区,赤池区,日進市赤池南１丁目（道路上）
G25-5,35.1154031316687,137.016468209711,南西地区,赤池区,日進市赤池南１丁目無番地（調整池地内）
G25-6,35.1155452577132,137.01738982932,南西地区,赤池区,日進市赤池南１丁目（道路上）
G25-7,35.1137574365735,137.019706023636,南西地区,赤池区,日進市赤池南２－３２
G25-8,35.1144171226857,137.017346248789,南西地区,赤池区,日進市赤池南２丁目（道路上）
G25-9,35.1138839433948,137.018547737146,南西地区,赤池区,日進市赤池南２丁目（赤池南２号公園用地）
G26-1,35.121449448657,137.027877164355,南西地区,浅田区,日進市浅田平子一丁目242
G26-10,35.1146760503945,137.033955138334,南西地区,浅田区,日進市浅田平子三丁目318（道路上）
G26-11,35.1142602656283,137.033924655778,南西地区,浅田区,日進市浅田平子三丁目320（道路上）
G26-12,35.1136352507963,137.032337566012,南西地区,浅田区,日進市浅田平子三丁目346
G26-13,35.1231839673456,137.027510285128,南西地区,浅田区,日進市浅田平子一丁目410
G26-14,35.1146129498706,137.032075845482,南西地区,浅田区,日進市浅田平子三丁目376（道路上）
G26-15,35.1202127625823,137.03156491009,南西地区,浅田区,日進市浅田平子二丁目99
G26-16,35.1155059745869,137.032195604787,南西地区,浅田区,日進市浅田平子三丁目194（道路上）
G26-17,35.1155329830578,137.032489250061,南西地区,浅田区,日進市浅田平子三丁目184（道路上）
G26-18,35.1180670404042,137.033694669045,南西地区,浅田区,日進市浅田平子二丁目399
G26-19,35.1165031384706,137.032986948816,南西地区,浅田区,日進市浅田平子三丁目367
G26-2,35.1206148732365,137.03105516716,南西地区,浅田区,日進市浅田平子一丁目272
G26-20,35.1156749861607,137.032837013216,南西地区,浅田区,日進市浅田平子三丁目179（道路上）
G26-21,35.11547110664,137.032456219561,南西地区,浅田区,日進市浅田平子三丁目372
G26-22,35.1154210857029,137.031815275712,南西地区,浅田区,日進市浅田平子三丁目214
G26-23,35.1182589692482,137.031907036504,南西地区,浅田区,日進市浅田平子二丁目167-6
G26-25,35.1189460514946,137.031092492344,南西地区,浅田区,日進市浅田平子二丁目72-1
G26-26,35.1167846489549,137.03387634824,南西地区,浅田区,日進市浅田平子三丁目45番地14
G26-27,35.1181922553549,137.029649930434,南西地区,浅田区,日進市浅田平子二丁目59-7
G26-28,35.1182087742626,137.032408942236,南西地区,浅田区,日進市浅田平子三丁目224番13
G26-29,35.1182082354462,137.032492214592,南西地区,浅田区,日進市浅田平子二丁目２２５-２
G26-3,35.1192573668619,137.029926929054,南西地区,浅田区,日進市浅田平子二丁目61
G26-30,35.1182496884076,137.031586802054,南西地区,浅田区,日進市浅田平子二丁目164-15
G26-31,35.1160927475604,137.03335229269,南西地区,浅田区,日進市浅田平子三丁目160-4
G26-4,35.1181819641057,137.029557240987,南西地区,浅田区,日進市浅田平子二丁目58-1
G26-5,35.1178106368862,137.031225259218,南西地区,浅田区,日進市浅田平子二丁目255（浅田平子第2ちびっ子広場）
G26-6,35.117247326326,137.031718134695,南西地区,浅田区,日進市浅田平子三丁目4（平子歩道橋下）
G26-8,35.117488231298,137.033790838765,南西地区,浅田区,日進市浅田平子三丁目40（道路上）
G26-9,35.1164502673298,137.029875338216,南西地区,浅田区,日進市浅田町平子476（道路上）
G3-01,35.1315532716656,137.015346965996,北西地区,梅森区,リカーショップいとう（梅森町西後887）
G3-02,35.1329183895211,137.020229151048,北西地区,梅森区,上松（洞）公会堂（梅森町上松405-1）
G3-03,35.1359966736726,137.018526353809,北西地区,梅森区,日生梅森集会所（梅森町新田135-127）
G3-1,35.1378526995845,137.019509539947,北西地区,梅森区,日進市梅森町新田（日生梅森園）
G3-10,35.1357665568564,137.019063158314,北西地区,梅森区,日進市梅森町新田（日生梅森園）
G3-11,35.1352891224228,137.018451589119,北西地区,梅森区,日進市梅森町新田（日生梅森園）
G3-12,35.1349836143029,137.018520507412,北西地区,梅森区,日進市梅森町新田（日生梅森園）
G3-13,35.1351518418128,137.019125170563,北西地区,梅森区,日進市梅森町新田（日生梅森園）
G3-14,35.1356700423712,137.019756421821,北西地区,梅森区,日進市梅森町新田（日生梅森園）
G3-15,35.1371038318434,137.020153180571,北西地区,梅森区,日進市梅森町新田（日生梅森園）
G3-17,35.1366485566502,137.021165988988,北西地区,梅森区,日進市梅森町新田（日生梅森園）
G3-18,35.1371228521257,137.021877999509,北西地区,梅森区,日進市梅森町新田（日生梅森園）
G3-19,35.137508618991,137.023044160185,北西地区,梅森区,日進市梅森町新田（日生梅森園）
G3-2,35.1371501102798,137.018771063965,北西地区,梅森区,日進市梅森町新田（日生梅森園）
G3-20,35.1353044159249,137.025214200063,北西地区,梅森区,日進市梅森町株山１６０
G3-21,35.1355911949308,137.027181808249,北西地区,梅森区,日進市梅森町株山
G3-22,35.1312508526685,137.017397273445,北西地区,梅森区,日進市梅森町西田面１７９
G3-23,35.132964063113,137.020204269876,北西地区,梅森区,日進市梅森町上松405-1
G3-24,35.137099626098,137.015843032267,北西地区,梅森区,日進市梅森町北田面７４３－１６
G3-26,35.135924834906,137.018458337991,北西地区,梅森区,日進市梅森町新田135-127(日生梅森園集会所地内）
G3-27,35.133681980447,137.01835146248,北西地区,梅森区,日進市梅森町上松
G3-28,35.1343225992526,137.017507985092,北西地区,梅森区,日進市梅森町北田面
G3-3,35.137634747155,137.02004556392,北西地区,梅森区,日進市梅森町新田（日生梅森園）
G3-4,35.1377685257151,137.021094970915,北西地区,梅森区,日進市梅森町新田（日生梅森園）
G3-5,35.1364751275765,137.018127911556,北西地区,梅森区,日進市梅森町新田（日生梅森園）
G3-6,35.1362847276522,137.017970127364,北西地区,梅森区,日進市梅森町新田（日生梅森園）
G3-7,35.1360715273969,137.017304856317,北西地区,梅森区,日進市梅森町新田（日生梅森園）
G3-8,35.1365908120351,137.018888286626,北西地区,梅森区,日進市梅森町新田（日生梅森園）
G3-9,35.1361822076283,137.018907899599,北西地区,梅森区,日進市梅森町新田（日生梅森園）
G4-01,35.1302848102992,137.028693805517,北西地区,野方区,野方公民館（野方町西島25-1）
G4-02,35.1365447570963,137.03051617671,北西地区,野方区,野方北集会所（岩崎町南高上210）
G4-03,35.1265592191658,137.03503979048,南西地区,野方区,野方三ツ池公園（折戸町定納79-9）
G4-1,35.1324140748342,137.028247668189,北西地区,野方区,日進市野方町後口(野方西集会所地内）
G4-2,35.1303411666371,137.028707426503,北西地区,野方区,日進市野方町西島(野方公民館地内）
G4-3,35.1296235280306,137.034374849574,北西地区,野方区,日進市野方町西島(野方東集会所地内）
G4-4,35.1296286903784,137.03226642922,北西地区,野方区,日進市野方町東島(道路上）
G5-01,35.1310762872982,137.039834497799,北西地区,蟹甲区,ＪＡあいち尾東（蟹甲町池下213-1）
G5-02,35.1322828212356,137.041074123132,北西地区,蟹甲区,商工会（蟹甲町中島35）
G5-03,35.1326442352284,137.038255774133,北西地区,蟹甲区,エコドーム（蟹甲町池下280-1）
G5-04,35.1319146455108,137.04360079385,北西地区,蟹甲区,図書館（蟹甲町中島3）
G5-05,35.1316570707395,137.039726500628,北西地区,蟹甲区,市役所（蟹甲町池下268）
G5-06,35.1293399610294,137.0396272822,南西地区,蟹甲区,スポーツセンター（蟹甲町家布58-1）
G5-07,35.1328382769143,137.041927860845,北西地区,蟹甲区,中央福祉センター（蟹甲町中島22）
G5-08,35.132492114813,137.042274700608,北西地区,蟹甲区,愛歩（蟹甲町中島18）
G5-10,35.13124522924,137.041928315153,北西地区,蟹甲区,日進市蟹甲町中島51(道路上）
G5-11,35.1305993530428,137.042293928614,南西地区,蟹甲区,日進市蟹甲町中屋敷942-3
G5-12,35.1298554179467,137.042767657018,南西地区,蟹甲区,日進市折戸町笠寺山28-226（蟹甲児童遊園前道路上）
G5-13,35.1314567913215,137.043861432779,北西地区,蟹甲区,日進市蟹甲町中島１
G5-2,35.1313278139658,137.037973311731,北西地区,蟹甲区,日進市蟹甲町池下(道路上）
G5-4,35.1321175846623,137.040466468493,北西地区,蟹甲区,日進市蟹甲町中島２６７－１(防災倉庫横）
G5-5,35.1303831661291,137.038214225367,北西地区,蟹甲区,日進市蟹甲町池下無番地（赤道上）
G5-7,35.1310017267414,137.040083259897,北西地区,蟹甲区,日進市蟹甲町池下(道路上）
G5-8,35.1305678349475,137.040927854562,南西地区,蟹甲区,日進市蟹甲町中屋敷462-1(蟹甲集会所(大日堂)敷地内）
G5-9,35.1288366095446,137.039474666467,南西地区,蟹甲区,日進市蟹甲町家布56-31(スポーツセンター敷地内）
G6-01,35.1161181681581,137.041904968123,南西地区,折戸区,内山新聞店（折戸町高松242）
G6-02,35.1280614468744,137.041376204331,南西地区,折戸区,日進市民会館（折戸町笠寺山62-3）
G6-03,35.1232766610752,137.045226765137,南西地区,折戸区,南部福祉会館（折戸町寺脇123-6）
G6-04,35.1213312917731,137.045017022194,南西地区,折戸区,折戸公民館（折戸町前田59-1）
G6-05,35.1254796937344,137.045465212405,南西地区,折戸区,リサイクル自由広場（折戸町笠寺山3-1）
G6-1(住民管理）,35.1137600909533,137.040464061936,南西地区,折戸区,日進市折戸町高松52-272
G6-14,35.1258785934579,137.041480272467,南西地区,折戸区,日進市折戸町笠寺山71-42
G6-15,35.123233256481,137.045903904526,南西地区,折戸区,日進市折戸町中屋敷104-2
G6-16,35.1227189765708,137.04717728442,南東地区,折戸区,日進市折戸町寺脇78-2（寺脇池北側フェンス脇）
G6-17,35.1220200774165,137.049111961288,南東地区,折戸区,日進市折戸町出屋敷139-1
G6-18,35.1218888285975,137.040853748447,南西地区,折戸区,日進市折戸町鎌ケ寿75
G6-19,35.1215673659254,137.045000213734,南西地区,折戸区,日進市折戸町寺脇５８番地
G6-2,35.1259325773827,137.035251136613,南西地区,折戸区,日進市折戸町定納190-27（中央可鍛敷地内）
G6-34,35.1165855458006,137.046791613435,南西地区,折戸区,日進市折戸町高松（南ケ丘歩道橋下）
G6-35,35.1229960472674,137.054302439999,南東地区,折戸区,日進市折戸町梨子ノ木28-469
G6-36,35.1210762527838,137.05900805107,南東地区,折戸区,日進市折戸町梨子ノ木45-1
G6-37,35.1217934487875,137.038439464958,南西地区,折戸区,日進市折戸町鎌ケ寿59-145
G6-38,35.1126481399373,137.048231658763,南西地区,折戸区,日進市折戸町枯木（道路上）
G6-39,35.1128000877547,137.050333932528,南西地区,折戸区,日進市折戸町枯木（道路上）
G6-40,35.1137172876427,137.051433310132,南東地区,折戸区,日進市折戸町枯木（道路上）
G6-41,35.1173823291428,137.043097793655,南西地区,折戸区,日進市折戸町高松（道路上）
G6-42,35.1217946794806,137.043361473122,南西地区,折戸区,日進市折戸町前田５－３
G6-44,35.1152266122759,137.041016484793,南西地区,折戸区,日進市折戸町高松５４－５
G6-45,35.1234016055186,137.04308903287,南西地区,折戸区,日進市折戸町中屋敷109－1
G6-46,35.1281359547433,137.03347443466,南西地区,折戸区,日進市折戸町定納187-3（野方三ッ池公園敷地内）
G6-47,35.127791773153,137.042643391892,南西地区,折戸区,日進市折戸町笠寺山
G6-49,35.1273304801075,137.043508718968,南西地区,折戸区,日進市折戸町笠寺山
G6-50,35.1275962537195,137.04442386167,南西地区,折戸区,日進市折戸町笠寺山
G6-51,35.1158645733036,137.039891756545,南西地区,折戸区,日進市折戸町高松５２－６９３
G6-52,35.1205342936309,137.039807282794,南西地区,折戸区,日進市折戸町鎌ケ寿30-7
G6-53,35.1284039548727,137.043709437188,南西地区,折戸区,日進市折戸町笠寺山
G6-54,35.1195709374316,137.039490605879,南西地区,折戸区,日進市折戸町高松52-681
G6-55,35.1238198299292,137.047632329839,南東地区,折戸区,日進市折戸町寺脇
G6-56,35.1143078771461,137.04130532722,南西地区,折戸区,日進市折戸町高松（道路上）
G6-57,35.1230699317312,137.039145039859,南西地区,折戸区,日進市折戸町鎌ヶ寿61番6
G6-58,35.1132259505528,137.04061068401,南西地区,折戸区,日進市折戸町高松52-771
G6-59,35.1225124422975,137.055601615311,南東地区,折戸区,日進市折戸町梨子ノ木28-107
G7-01,35.1246196312641,137.060885208745,南東地区,藤枝区,日進団地集会所（藤枝町奥廻間1237-133）
G7-02,35.122437052604,137.059986259941,南東地区,藤枝区,撞木団地公園（藤枝町奥廻間1192-98）
G7-03,35.1323032394078,137.050614105501,北東地区,藤枝区,藤枝公民館（藤枝町小六田123-1）
G7-1,35.1323017773166,137.050687627353,北東地区,藤枝区,日進市藤枝町小六田124-4（藤枝公民館敷地内）
G7-1（住民管理）,35.1195976726405,137.061977320796,南東地区,藤枝区,日進市藤枝町奥廻間（道路上）
G7-10,35.1244533717896,137.061782827653,南東地区,藤枝区,日進市藤枝町奥廻間1237-111（防火水槽敷地内）
G7-11,35.1240482473724,137.062922569288,南東地区,藤枝区,日進市藤枝町奥廻間1237-124（道路上）
G7-12,35.1236765117617,137.062111555534,南東地区,藤枝区,日進市藤枝町奥廻間（道路上）
G7-13,35.1232493461822,137.062046270064,南東地区,藤枝区,日進市藤枝町奥廻間（道路上）
G7-14,35.123226884338,137.062132647523,南東地区,藤枝区,日進市藤枝町奥廻間（道路上）
G7-15,35.123097285248,137.061127131683,南東地区,藤枝区,日進市藤枝町奥廻間1238-250
G7-17,35.1223712780401,137.061155278122,南東地区,藤枝区,日進市藤枝町奥廻間1192-2（道路上）
G7-18,35.123047911542,137.06012645191,南東地区,藤枝区,日進市藤枝町奥廻間1192-2（道路上）
G7-19,35.1226714837164,137.059841565262,南東地区,藤枝区,日進市藤枝町奥廻間1192-98（藤枝奥廻間南ちびっこ広場敷地内）
G7-2,35.1316869056015,137.048921294569,北東地区,藤枝区,日進市藤枝町康申566-1
G7-20,35.1224675255717,137.059683728146,南東地区,藤枝区,日進市藤枝町奥廻間1192-2
G7-22,35.1229110759106,137.059825123845,南東地区,藤枝区,日進市藤枝町奥廻間（道路上）
G7-24,35.1216789941106,137.063816254106,南東地区,藤枝区,日進市藤枝町奥廻間（名鉄豊田線沿い道路上）
G7-25,35.1213419063367,137.065382000672,南東地区,藤枝区,日進市藤枝町奥廻間（道路上）
G7-26,35.1192786740034,137.062531233806,南東地区,藤枝区,日進市藤枝町奥廻間（道路上）
G7-27,35.1260835747378,137.061277878695,南東地区,藤枝区,日進市藤枝町奥廻間（道路上）
G7-3,35.1315763317044,137.048678621174,南東地区,藤枝区,日進市藤枝町小六田567-1
G7-30,35.1316163901429,137.047515424453,北東地区,藤枝区,日進市蟹甲町浅間下571-1（用悪水路上）
G7-31,35.1327888875974,137.054189242261,北東地区,藤枝区,日進市藤枝町小六田242
G7-32,35.1318196320168,137.054272433978,南東地区,藤枝区,日進市藤枝町前田２
G7-33,35.1333780487691,137.050809550216,北東地区,藤枝区,日進市藤枝町小六田133-24
G7-34,35.130258578782,137.053780801712,南東地区,藤枝区,日進市藤枝町前田
G7-4,35.1312668475753,137.051095313868,南東地区,藤枝区,日進市藤枝町前田53-8
G7-5,35.1298735931704,137.051223688731,南東地区,藤枝区,日進市藤枝町向田812-1
G7-6,35.1282234625182,137.053015311847,南東地区,藤枝区,日進市藤枝町平子934-2
G7-7,35.1290176319944,137.057815076941,南東地区,藤枝区,日進市藤枝町片平1250-2(集中浄化槽用地）
G7-8,35.1254551360288,137.061030716867,南東地区,藤枝区,日進市藤枝町奥廻間（道路上）
G7-9,35.1247200384052,137.061074896006,南東地区,藤枝区,日進市藤枝町奥廻間1237-133（藤枝奥廻間北ちびっこ広場敷地内）
G8-01,35.1332180231551,137.060431868427,北東地区,米野木区,東部保育園駐車場横（米野木町仲田35-14）
G8-02,35.1331811208494,137.057054359202,北東地区,米野木区,いわなべ新聞店（米野木町追鳥48-4）
G8-03,35.1376511751539,137.074750128451,北東地区,米野木区,高木新聞店（米野木町柿ノ木島61-5）
G8-04,35.1325994238221,137.060201248324,北東地区,米野木区,米野木郵便局（米野木町家下31-5）
G8-05,35.1328513960857,137.061562252573,北東地区,米野木区,東部福祉会館（米野木町仲田35-23）
G8-06,35.1274337251673,137.062578788603,南東地区,米野木区,日の出衛生保繕㈱（日進市米野木町奥畑55）
G8-07,35.1298973459625,137.071163500538,南東地区,米野木区,南山ビレッヂ（米野木町細口145）
G8-08,35.1258496153613,137.06301793799,南東地区,米野木区,米野木7号公園（三角公園）（米野木町南山51-1）
G8-09,35.123392346874,137.065371453015,南東地区,米野木区,米野木3号公園（ﾚｰｳﾞ日進裏）（米野木町南山162-1）
G8-1,35.1466818870244,137.093938933336,南東地区,三本木区,日進市米野木町三ケ峯４－３１９
G8-10,35.1444754018481,137.079206541148,北東地区,三本木区,日進市米野木町北山128-5
G8-11,35.1449904919317,137.077967153877,北東地区,三本木区,日進市米野木町北山1-2
G8-12,35.144171707739,137.077604450482,北東地区,三本木区,日進市米野木町北山1-2
G8-14,35.1295538680175,137.071476734225,南東地区,米野木区,日進市米野木町細口145
G8-15,35.1292394314973,137.070323979841,南東地区,米野木区,日進市米野木町細口354-3（道路上）
G8-16,35.1288666137038,137.070240258754,南東地区,米野木区,日進市米野木台6丁目911
G8-17,35.1266198516316,137.073378692471,南東地区,米野木区,日進市米野木町細口69（道路上、溜池）
G8-18,35.1293376744231,137.056944515616,南東地区,米野木区,日進市米野木町土岡7-47(米野木つちおかちびっこ広場横）
G8-19,35.1286617966965,137.060112886603,南東地区,米野木区,日進市米野木町土岡112-3
G8-2,35.1455139715161,137.09349834321,南東地区,三本木区,日進市米野木町三ケ峯4－323（三ヶ峯西公園敷地内）
G8-20,35.130881778345,137.061525280988,南東地区,米野木区,日進市米野木町中芝64-8
G8-21,35.1303321893257,137.063762690795,南東地区,米野木区,日進市米野木町福成４７番地（米野木福成児童遊園内）
G8-24,35.1273359380057,137.062707839151,南東地区,米野木区,日進市米野木町奥畑１０３
G8-26,35.1257311686597,137.06197419092,南東地区,米野木区,日進市米野木町奥畑32-2（道路上）
G8-27,35.1254263268737,137.062113488813,南東地区,米野木区,日進市米野木町南山27－25
G8-28,35.1366199845356,137.060189869141,北東地区,米野木区,日進市米野木町小馬場38-16
G8-29,35.137473195103,137.064894431915,北東地区,米野木区,日進市米野木町北畑8-3（日進東小学校正門脇）
G8-3,35.1440419031028,137.093502294578,南東地区,三本木区,日進市米野木町三ケ峯4－328
G8-30,35.1357573981922,137.061340473241,北東地区,米野木区,日進市米野木町宮前１０１（米野木神明社駐車場地内）
G8-31,35.1346989223955,137.063236398086,北東地区,米野木区,日進市米野木町番城田28-3（道路上）
G8-32,35.1325926204241,137.061598686741,北東地区,米野木区,日進市米野木町仲田35-23（東部福祉会館敷地内）
G8-33,35.1318568326425,137.06178200387,南東地区,米野木区,日進市米野木町福成13-7（米野木ポンプ上跡地）
G8-35,35.1324681300319,137.06274915934,北東地区,米野木区,日進市米野木町仲田72
G8-36,35.1475105914825,137.093043502096,南東地区,三本木区,日進市米野木町三ヶ峯（日進高等学校敷地内）
G8-37,35.1352029172936,137.071938069405,北東地区,米野木区,日進市米野木町丸山１４６（米野木まるやまちびっこ広場敷地内）
G8-38,35.1331244909469,137.06983954513,南東地区,米野木区,日進市米野木町下五反田６７－２（米野木公会堂跡地）
G8-39,35.1364621708565,137.080534036288,南東地区,三本木区,日進市米野木町南山９７３－１（南山エピック西公園横道路上）
G8-4,35.1448836669115,137.095296139633,南東地区,三本木区,日進市米野木町三ケ峯4－334
G8-41,35.1364147147135,137.083051662549,南東地区,三本木区,日進市米野木町南山９７３－５３（南山エピック北公園敷地内）
G8-42,35.1356390152838,137.082922419036,南東地区,三本木区,日進市米野木町南山９７３－１（南山エピック集会所横道路上）
G8-43,35.1359187026604,137.08660772266,南東地区,三本木区,日進市米野木町南山９７３－２３７（南山エピック東公園敷地内）
G8-44,35.1335589616142,137.084709351809,南東地区,三本木区,日進市米野木町南山973-265付近（道路上）
G8-45,35.1324534996995,137.0846953166,南東地区,三本木区,日進市米野木町南山987-35付近（道路上）
G8-46,35.1311194723541,137.083029753231,南東地区,米野木区,日進市米野木町南山975-20
G8-47,35.1290229403706,137.085116044822,南東地区,米野木区,日進市米野木町南山977-33
G8-48,35.1375176173872,137.074443560752,北東地区,米野木区,日進市米野木町柿ノ木島62
G8-49,35.1468463754116,137.095565071066,南東地区,三本木区,日進市米野木町三ヶ峯4-388
G8-5,35.1461007451265,137.095344135174,南東地区,三本木区,日進市米野木町三ケ峯4－348（三ヶ峯中央公園敷地内）
G8-50,35.1398773568128,137.075525252279,北東地区,米野木区,日進市米野木町北山1-1（北山グランド敷地内）
G8-51,35.1433933153901,137.077252575002,北東地区,三本木区,日進市米野木町北山１－３（道路上）
G8-52,35.1438155906687,137.077545136323,北東地区,三本木区,日進市米野木町北山1-３（道路上）
G8-53,35.1290125601553,137.071496127374,南東地区,米野木区,日進市米野木６丁目920
G8-54,35.1237484606981,137.063494149411,南東地区,米野木区,日進市米野木台1丁目202
G8-55,35.1259163453002,137.063360845865,南東地区,米野木区,日進市米野木台2丁目1201
G8-56,35.1295625694247,137.063281626706,南東地区,米野木区,日進市米野木台2丁目1201
G8-57,35.1271745689328,137.064499729853,南東地区,米野木区,日進市米野木台2丁目801
G8-58,35.1292429322913,137.061938095326,南東地区,米野木区,日進市米野木町奥畑５５番地
G8-59,35.1293795035621,137.062672104543,南東地区,米野木区,日進市米野木台3丁目1403
G8-6,35.1458236781889,137.097748762512,南東地区,三本木区,日進市米野木町三ケ峯4－337
G8-60,35.1299320055961,137.061836153769,南東地区,米野木区,日進市米野木台3丁目401
G8-61,35.1292692301697,137.087445522594,南東地区,米野木区,日進市米野木町南山983-8
G8-62,35.1306803139901,137.079993126563,南東地区,米野木区,日進市米野木町南山840
G8-63,35.1261979097002,137.066196825772,南東地区,米野木区,日進市米野木台2丁目2204
G8-64,35.1262621075535,137.063213380542,南東地区,米野木区,日進市米野木台2丁目1201
G8-65,35.1233929426744,137.065329320151,南東地区,米野木区,日進市米野木台1丁目701
G8-66,35.1325925273888,137.065299927566,南東地区,米野木区,日進市米野木町福成139-4
G8-67,35.1241975631024,137.064770177129,南東地区,米野木区,日進市米野木台1丁目1107
G8-68,35.1313855898143,137.070522257613,南東地区,米野木区,日進市米野木町竹若57-7（道路上）
G8-69,35.1284033913998,137.06650409254,南東地区,米野木区,日進市米野木5丁目402
G8-7,35.1466357874775,137.096477608439,南東地区,三本木区,日進市米野木町三ケ峯4－340
G8-70,35.1281332445624,137.06906870685,南東地区,米野木区,日進市米野台6丁目813
G8-71,35.1260777626014,137.068750768771,南東地区,米野木区,日進市米野木台6丁目911
G8-72,35.1269340961562,137.067913757973,南東地区,米野木区,日進市米野木台５丁目1103
G8-73,35.1264068449382,137.067593893167,南東地区,米野木区,日進市米野木台5-1103
G8-74,35.126393903125,137.064813415618,南東地区,米野木区,日進市米野木台3丁目801
G8-77,35.1305396577187,137.069494984545,南東地区,米野木区,日進市米野木台六丁目103
G8-8,35.1464505009188,137.078734039504,北東地区,三本木区,日進市米野木町北山1-4
G8-80,35.1266922019098,137.067210612559,南東地区,米野木区,日進市米野木台5丁目1110
G8-82,35.1307185906665,137.068592690615,南東地区,米野木区,日進市米野木台四丁目522
G8-83,35.1303845610807,137.070680894559,南東地区,米野木区,日進市米野木台六丁目216
G8-84,35.1291442583946,137.06866293793,南東地区,米野木区,日進市米野木台6丁目620
G8-87,35.1267503613362,137.065811346709,南東地区,米野木区,日進市米野木台2丁目801
G8-89,35.1281379886669,137.063160644338,南東地区,米野木区,日進市米野木台2-228
G8-93,35.1252860884442,137.064685542724,南東地区,米野木区,日進市米野木台2丁目2008
G8-95,35.1289399872415,137.066238226517,南東地区,米野木区,日進市米野木台四丁目107
G8-96,35.1278382998386,137.069082445185,南東地区,米野木区,日進市米野木台六丁目1102
G8-97,35.1326825233536,137.063838521122,北東地区,米野木区,米野木町仲田125番地2
G8-98,35.1275931245768,137.06854925607,南東地区,米野木区,日進市米野木台五丁目607番4
G8-99,35.1297467232197,137.088966214231,南東地区,米野木区,日進市米野木町南山983-31
G9-02,35.1445588733629,137.079202500943,北東地区,三本木区,日進ニュータウン入口（三本木町廻間128-5）
G9-03,35.1456166108806,137.096020171945,南東地区,三本木区,三ヶ峯台集会所（米野木町三ヶ峯4-345）
G9-04,35.1433329156038,137.0842416957,南東地区,三本木区,中部大学第一高校前（三本木町細廻間43）
G9-05,35.1420677847309,137.081842427486,北東地区,三本木区,三本木区民会館（三本木町上川田4）
G9-06,35.1379987545755,137.078112131094,南東地区,三本木区,クローバーガーデン２４（三本木町下川田20）
G9-1,35.1434946316041,137.0783493761,北東地区,三本木区,日進市三本木町１１１－１（道路上）
G9-2,35.1433565894253,137.084191188727,南東地区,三本木区,日進市三本木町細廻間409－4（用悪水路）
G9-3,35.1419653950495,137.081350551293,北東地区,三本木区,日進市三本木町上川田17（道路上）
G9-8,35.1371056082076,137.077148286261,南東地区,三本木区,日進市三本木町下川田
G9-9,35.1414382056179,137.082352070083,南東地区,三本木区,日進市三本木町一番割574-1
GＩ-01,35.13996613302,137.079546953476,南東地区,三本木区,ファミリーマート日進三本木町店（三本木町一番割）
GU-05,35.146557427036,137.024375227508,北東地区,岩崎台区,三洋堂書店香久山店（岩崎台1-1222-5）